uid,target,sources,n_sources,note
8cf199e8e88a,ACADVL,AGMAT;ARID5B;BACH1;BCL6;CEBPD;CPTP;CRTC2;CYCS;DBP;DHX36;E2F8;EDN1;EGR1;ENO1;ESRRB;FOSL2;FOXO1;GADD45A;GOT1;HADHB;HLTF;HMGB3;KDM5D;KLF6;MIOS;MYC;NAP1L1;NNT;NR4A3;PUM3;RARA;RBM3;RBM8A;SMAP2;SREBF1;SSRP1;TGIF1;VDR;XBP1;ZFY;ZNF598,41,exp-coregnet_mus-tool-coregnet
e578d4ebc874,ACSL1,AGMAT;ARID5B;ATOH8;BACH1;BHLHE41;DBP;DHX36;E2F8;FHL2;FOSL2;FOXO1;HES1;HMGB3;KDM5D;KDM7A;MEF2C;MEOX2;MIOS;NR4A1;RBM8A;SIX2;SMAP2;SMPX;SSRP1;TFCP2L1;ZBTB7B,26,exp-coregnet_mus-tool-coregnet
b9e1a23b4c93,ACTA1,AGMAT;APEX2;ARID5B;ASAP3;ATOH8;BACH1;BCL6;CBFB;CEBPB;CEBPD;CRTC2;DHX36;ETV5;EZR;FOS;FOSL2;FOXO1;FOXO3;GADD45A;GTF2IRD1;GTPBP1;HMGB3;HTATIP2;KDM7A;KLF6;MAFG;MIOS;MYC;MYF6;NAP1L1;NFIL3;PUM3;RBM8A;RELB;RORA;RUNX1;SIX2;SMAP2;SMARCC1;SOX13;SSRP1;STAT5A;STK40;TGIF1;TIMELESS;TP53;VDR;XBP1;ZBTB43;ZBTB7B;ZNF143;ZNF213;ZNF438;ZNF598;ZNF622,55,exp-coregnet_mus-tool-coregnet
a41373e46f9a,ACTN2,ARID5B;ATOH8;BACH1;BCL6;CBFB;CRTC2;DHX36;EZR;FOSL2;FOXO1;GADD45A;GTF2IRD1;HES6;HMGA1;HMGB3;HTATIP2;KDM7A;MAFG;MIOS;MYC;NAP1L1;NFIL3;NR4A3;PUM3;RBM8A;RUNX1;SIX2;SMAP2;SMPX;SNAI3;SSRP1;STK40;TGIF1;TIMELESS;TP53;VDR;XBP1;ZBTB7B;ZNF438;ZNF598,40,exp-coregnet_mus-tool-coregnet
945d6f4a7114,ANKRD1,ARG2;ARID5A;ARID5B;ATF3;BCL3;BHLHE40;CEBPA;EGR1;ENO1;ETS2;EZR;FOS;FOSL1;FOXO1;GADD45A;HTATIP2;IRX3;KDM5D;KLF6;MLXIPL;MSC;MYC;MYOD1;MYOG;NME1;RELB;RUNX1;SIX2;SMAD9;SNAI3;TGIF1;XBP1,32,exp-coregnet_mus-tool-coregnet
531fbddbf13c,ANKRD2,ARG2;ARID5A;ATOH8;DDIT3;E2F8;EGR1;ETS2;FOS;FOSL2;FOXO1;GADD45A;HES6;HTATIP2;JUNB;KDM5D;KLF5;MAFF;MEF2C;MLXIPL;MYC;MYF6;MYOD1;NR4A2;NR4A3;RUNX1;SIX2;TFCP2L1;ZFY,28,exp-coregnet_mus-tool-coregnet
fec5e9581d3c,APOD,CBFB;CRTC2;DAZAP1;ETV5;EZR;GADD45A;GPD1;HMGB3;HTATIP2;KDM5D;MYC;NAP1L1;PUM3;RXRG;SMAP2;SOX13;SSRP1;STAT5A;TGIF1;TRIB1;VDR;XBP1;ZNF581;ZNF598,24,exp-coregnet_mus-tool-coregnet
a4a4f303f50b,ATP1A2,ABCF2;ADARB1;ARID5B;ASAP3;ASPSCR1;ATF6B;CAT;CBFB;DHX36;DNTTIP1;EGR1;FOSL2;FOXO1;FOXO3;GADD45A;GTF2IRD1;HBP1;HES6;HMGB2;HMGB3;HNRNPA1;HOMEZ;HOXA7;HSF4;HTATIP2;IRX3;KDM5D;KDM7A;MDM2;METTL3;MXI1;MYF6;MZF1;NAP1L1;NOC2L;PIR;PKM;POLD2;PRRX1;RFX3;RORC;SIX4;SIX5;SMAP2;SMARCC2;SND1;SOX13;SOX6;SSRP1;STAT5A;TEF;TFAP4;TFEB;TRIM28;TRMT1;VDR;XBP1;ZBTB16;ZFP3;ZFY;ZNF142;ZNF232;ZNF33B;ZNF438;ZNF441;ZNF581;ZNF598;ZSCAN18,68,exp-coregnet_mus-tool-coregnet
5df9d554a5bc,ATP2A1,AGMAT;ASAP3;CANX;CBFB;ETV5;EZR;FOSL2;GADD45A;GPD1;HES1;HES6;HMGB3;HTATIP2;KDM5D;KDM7A;MYC;MYF6;NAP1L1;NFIL3;NME1;NR4A3;PKM;RBM8A;RXRG;SIX2;SMAP2;SSRP1;TGIF1;TIMELESS;TP53;TPI1;VDR;XBP1;ZBTB7B;ZNF598;ZNF622,36,exp-coregnet_mus-tool-coregnet
a4b0000a3267,ATP2A2,APEX2;ARID5A;ARID5B;CBFB;CEBPA;CEBPD;DHX36;ETS2;EZR;FOSL2;FOXO1;GADD45A;GOT1;HMGB3;HTATIP2;KDM5D;KLF6;MIOS;MYC;MZF1;NAP1L1;NFIL3;NME1;NNT;NR1D1;PROX1;RBM8A;RELB;RUNX1;SMAP2;SSRP1;STAT5A;TGIF1;TP53;TP63;VDR;XBP1;ZFY;ZNF213;ZNF598,40,exp-coregnet_mus-tool-coregnet
55ff002e842c,ATP5F1B,ARID5B;ATOH8;BACH1;BCL6;CANX;CBFB;CEBPD;CRTC2;DHX36;ELK1;EZR;FOSL2;FOXO1;FOXO3;GADD45A;GOT1;HMGB3;HTATIP2;KDM7A;KLF6;MAFF;MAFG;MAX;MIOS;MYC;MYF6;NAP1L1;NFIL3;NPAS2;PHF1;PRNP;RARA;RBM8A;RELB;RORA;RUNX1;SIX2;SMAP2;SMARCC1;SSRP1;STAT5A;STK40;TGIF1;TP53;TPI1;ZNF213;ZNF219;ZNF581;ZNF598,49,exp-coregnet_mus-tool-coregnet
bf0040d41558,ATP5F1D,ARID5B;BACH1;CANX;CBFB;DBP;DHX36;ELK1;FOXO1;GADD45A;GOT1;HMGB3;HTATIP2;KDM7A;KLF13;KLF3;MAFF;MYF6;NAP1L1;NR4A3;PKM;RORA;RUNX1;RXRG;SNAI3;TCF15;TPI1;VDR;XBP1;ZNF598,29,exp-coregnet_mus-tool-coregnet
93045d4f326d,BAG3,ABCF2;AGMAT;ARID5B;ASAP3;BACH1;BCL6;CANX;CBFB;CRTC2;DHX36;FOSL2;FOXO1;GADD45A;GTF2IRD1;HES1;HMGB3;HTATIP2;KDM7A;MAFG;MIOS;NAP1L1;NFIL3;NPAS2;NR4A1;PSMD12;RBM8A;RELB;RUNX1;SIX2;SMAP2;SSRP1;STK40;VDR;XBP1;ZBTB43;ZBTB7B;ZNF598;ZNF622,38,exp-coregnet_mus-tool-coregnet
398962ad3fa3,BCL6,AGMAT;ARID5B;BCL6;BHLHE41;CEBPD;CPTP;DBP;E2F8;ESRRB;FOSL2;FOXO1;FOXO3;GADD45A;GPD1;GTF2IRD1;HES1;HLTF;HMGB3;HTATIP2;KDM5D;MEF2C;MIOS;MYC;NFIL3;NR4A1;NR4A2;NR4A3;PKM;RORA;RXRG;SMAP2;SMPX;SNAI3;SSRP1;TPI1;TRIB1;XBP1,37,exp-coregnet_mus-tool-coregnet
7dda975880a6,BIN1,ATF3;BAD;CEBPD;DRAP1;E2F8;EGR1;ETS2;FHL2;FOS;HES6;HMGA1;HMGB2;HTATIP2;IRX3;JUNB;KDM5D;LBX1;MAFA;MAZ;MEOX2;MIOS;MYOD1;MYPOP;NANOS1;NFIC;NPAS2;RXRA;SIX2;SOX17;STK40;TBX1;THRA;TRIB1;UBXN1;ZBED1;ZBTB18;ZBTB47;ZBTB7A;ZBTB7B;ZNF213;ZNF219;ZNF385A;ZNF524;ZNF579;ZNF598;ZNF622;ZNF628;ZNF844,48,exp-coregnet_mus-tool-coregnet
9a62b86c777d,CA3,AGMAT;ARID5B;ASAP3;BACH1;BCL6;CBFB;DHX36;ETS2;EZR;FOSL2;FOXO1;FOXO3;GADD45A;GTF2IRD1;GTPBP1;HES6;HMGB3;HTATIP2;KDM7A;KLF15;MIOS;MYC;MYF6;MZF1;NAP1L1;NFIL3;NPAS2;RBM8A;SMAP2;SSRP1;STAT5A;STK40;TGIF1;VDR;XBP1;ZNF598,36,exp-coregnet_mus-tool-coregnet
4e388ff331a5,CASQ1,AGMAT;APEX2;ARID5B;ASAP3;BACH1;BCL6;CANX;CBFB;CEBPA;CEBPB;CEBPD;CRTC2;DHX36;E2F4;ELK1;ENO1;EZR;FOSL2;FOXO1;FOXO3;GADD45A;GTF2IRD1;GTPBP1;HES6;HMGB3;HTATIP2;KDM7A;KLF6;MAFG;MIOS;MYC;NAP1L1;NFIL3;NPAS2;PUM3;RBM8A;RELB;RORA;RUNX1;SIX2;SMAP2;SSRP1;STAT5A;STK40;TGIF1;TIMELESS;TP53;VDR;XBP1;ZBTB38;ZBTB43;ZBTB7B;ZFHX3;ZNF213;ZNF598;ZNF622;ZNF628,57,exp-coregnet_mus-tool-coregnet
d2630a098388,CHCHD10,ANXA1;ARID5A;ARID5B;ATF3;BACH1;CANX;CBFB;CEBPD;CLK1;DAB2;E2F8;EDN1;EGR1;ENO1;ETS2;FLI1;FOS;FOSL1;FOXO3;FUBP1;GADD45A;HTATIP2;JAZF1;KDM5D;KDM7A;KLF6;MAFF;MAFK;MDM2;MEF2C;MEOX2;MESP1;MYC;MYF6;NFE2L2;NFKB2;NR1D2;PLAGL1;PRKAA1;PRKAA2;PRNP;RBM8A;RELB;RORA;RUNX1;SMAD9;SMARCC1;STAT5A;TCF15;TFAP4;TIMELESS;TP53;TP63;XBP1;ZNF266;ZNF274;ZNF704,57,exp-coregnet_mus-tool-coregnet
ef32601445fb,CKM,APEX2;ARID5A;ARID5B;ASAP3;ATOH8;BACH1;BAX;BCL6;CANX;CBFB;CEBPA;CEBPB;CEBPD;CRTC2;DAZAP1;DHX36;ENO1;ETS2;EZR;FOS;FOSL2;FOXO1;FOXO3;GADD45A;GTF2IRD1;GTF3C2;GTPBP1;HEY1;HMGB3;HNRNPA1;HTATIP2;KDM7A;KLF6;KLF9;MAFG;MAX;MIOS;MYC;MYF6;MZF1;NAP1L1;NFIL3;NFKB2;NME1;PDCD11;PPP1R10;PRRX1;PUM3;RBM8A;RELB;RUNX1;SMAP2;SMARCC1;SOX13;SSRP1;STAT5A;STAT6;TFAP4;TGIF1;TIMELESS;TP53;TRMT1;VDR;XBP1;YOD1;ZBTB16;ZNF598;ZNF622;ZNF655,69,exp-coregnet_mus-tool-coregnet
eb5ebfb76c28,CKMT2,ARID5B;BACH1;BCL6;CANX;CBFB;CEBPA;CEBPD;CRTC2;DHX36;ETS2;EZR;FOSL2;FOXO1;FOXO3;GADD45A;GOT1;GTF2IRD1;GTPBP1;HMGB3;HNRNPA1;HTATIP2;JUNB;KDM5D;KDM7A;KLF6;MAFF;MAFG;MIOS;MYC;NAP1L1;NFIL3;NNT;PRNP;PUM3;RBM8A;RELB;RORA;RUNX1;SMAP2;SMARCC1;SNAI3;SSRP1;STAT5A;TGIF1;TP53;VDR;XBP1;ZNF598,48,exp-coregnet_mus-tool-coregnet
89d80bc22447,CMYA5,AGMAT;ARID5B;ARNT2;ATF3;BACH1;BCL3;CANX;CBFB;CCDC25;CEBPZ;DBP;DHX36;EGR1;EP300;FOXN3;FOXO1;FOXO3;FOXO4;GTF2A1;GTF2I;HES4;HTATIP2;KDM7A;LARP1;MIOS;MITF;MLXIP;MYOD1;MYOG;NAP1L1;NCOA3;NFATC3;NFE2L1;NFIC;NPAS2;PDS5A;PHF20;RAB2A;RORA;RXRA;SATB1;SCX;SIX2;SP4;SSRP1;STK40;VEZF1;ZBED1;ZBTB44;ZBTB7A;ZEB1;ZFP91;ZNF143;ZNF507;ZNF532;ZNF770,56,exp-coregnet_mus-tool-coregnet
a6b1fcf28e69,CNBP,AGMAT;ANXA1;ARG2;ARID5A;ATOH8;BACH2;CBX7;CHD2;CREBL2;DNTTIP1;E2F8;FOXJ2;FOXN2;FOXO3;HES6;HMGB2;IKZF5;KDM5D;KLF6;MAFB;MAFG;MAFK;MEF2C;MLXIPL;MXD4;MXI1;MYF6;MYOD1;NAP1L1;NFATC1;NFATC2;NFKB2;NFX1;NR1D1;NR2C1;NR3C1;NR4A3;PATZ1;PHF8;PKM;PKNOX1;PRKAA2;PRNP;RAB2A;RFX7;SFPQ;SMARCC2;STAT5B;TAF1;TFAP4;TFCP2L1;ZFY;ZKSCAN8;ZNF16;ZNF594;ZNF704,56,exp-coregnet_mus-tool-coregnet
abae7ab56459,COQ8A,AGMAT;ANXA1;ARG2;ARID5A;ATF3;BHLHE41;CREB3L2;DDIT3;E2F8;EGR1;ETS2;FOS;FOXO1;GADD45A;HES6;HMGB2;HSPA5;HTATIP2;ID4;JUNB;KDM5D;KLF2;KLF6;LBX1;MAFA;MAFF;MYOD1;NME1;NR4A1;NR4A2;NR4A3;RBM3;RUNX1;RXRA;RXRG;SIX2;SMAD9;SNAI2;SOX7;STK40;TAGLN2;TBX1;TFEB;ZBTB47;ZBTB7B;ZFY;ZNF441;ZSCAN18,48,exp-coregnet_mus-tool-coregnet
e2ed4122ab24,CORO6,ABCF2;AGMAT;APEX2;ASPSCR1;ATF6B;BANP;CANX;CBFB;CNOT3;CRTC2;DAZAP1;DPF2;E2F8;ELK1;ENO1;EZR;GADD45A;HES1;HMGB3;HTATIP2;ING4;KDM5D;KDM7A;KMT2B;MAFG;MBD1;MXD4;MYC;MYF6;MZF1;NAP1L1;NELFB;NFKB2;NOC2L;PDCD11;PHF1;PUM3;RBM42;RELA;RELB;RUNX1;RXRG;SIRT6;SIX5;SMAP2;SMARCC1;SND1;SSRP1;STAT5A;TCF3;TFAP4;TGIF1;TIMELESS;TP53;TP63;TRIM28;TRMT1;VDR;ZGPAT;ZNF335;ZNF414;ZNF438;ZNF581;ZNF598,64,exp-coregnet_mus-tool-coregnet
694632e252f7,COX6A2,ABCF2;APEX2;ARG2;ARID5B;ASAP3;ATOH8;BACH1;BCL6;CANX;CBFB;CEBPA;CEBPB;CEBPD;CEBPZ;CRTC2;DAZAP1;DHX36;DUSP26;EDN1;ELK1;ENO1;ETS2;ETV5;EZR;FOSL2;FOXO1;FOXO3;GADD45A;GTF2IRD1;GTF3C2;GTPBP1;HES6;HMGA1;HMGB3;HTATIP2;KDM7A;KLF15;KLF3;KLF6;KLF9;KMT2B;MAFF;MAFG;MIOS;MYC;MYF6;NAP1L1;NCOA3;NFE2L2;NFIL3;NFKB2;NME1;NPAS2;PDCD11;PIR;PPP1R10;PRNP;PSMD12;PUM3;RBM8A;RELB;RORA;RUNX1;SIX2;SMAP2;SMARCC1;SMPX;SNAI3;SOCS4;SSRP1;STAT5A;STK40;TFCP2L1;TFE3;TGIF1;TIMELESS;TP53;TP63;TRIM28;TRMT1;UTP18;VDR;XBP1;ZBTB38;ZBTB43;ZBTB7B;ZC3H7A;ZFHX3;ZNF143;ZNF213;ZNF438;ZNF581;ZNF598;ZNF622;ZNF655,95,exp-coregnet_mus-tool-coregnet
3cc0e77cc70f,COX7A1,APEX2;ARID5B;BACH1;BCL6;CANX;CBFB;CEBPZ;DHX36;ELK1;ENO1;ETS2;ETV5;EZR;FOSL2;FOXO1;FOXO3;GADD45A;GTF2IRD1;GTPBP1;HMGB3;HTATIP2;KDM7A;KLF6;KLF9;MAFG;MIOS;MYC;MYF6;MZF1;NAP1L1;NME1;NPAS2;PDCD11;PRNP;PUM3;RBM8A;RELB;RORA;RUNX1;SMAP2;SMARCC1;SSRP1;STAT5A;STK40;TFCP2L1;TGIF1;TIMELESS;TP53;VDR;XBP1;ZBTB38;ZBTB43;ZBTB7B;ZNF213;ZNF438;ZNF598;ZNF622;ZNF655,58,exp-coregnet_mus-tool-coregnet
e7d4368a57e8,COX8A,AFF4;ARID5B;BACH1;BCL6;CANX;CBFB;CEBPB;CEBPD;CEBPZ;CNOT3;CRTC2;DHX36;ETS2;EZR;FOSL2;FOXO1;FOXO3;GADD45A;HMGB3;HNRNPA1;HTATIP2;KDM7A;KLF6;KLF9;MAFG;MAFK;MIOS;MXI1;MYC;MYF6;NAP1L1;NFE2L2;NFIL3;NFKB2;PRNP;PUM3;RBM8A;RELB;RORA;RUNX1;SMAP2;SMARCC1;SSRP1;STAT3;STAT5A;TGIF1;TIMELESS;TP53;VDR;XBP1;YOD1;ZBTB16;ZC3H7A;ZNF333;ZNF598;ZNF655,56,exp-coregnet_mus-tool-coregnet
84854e68a452,CRYAB,ANXA1;ARID5A;ARID5B;ATF3;CEBPA;EGR1;FOXO1;GADD45A;HES6;HMGB2;HMGB3;HTATIP2;IRX6;KDM5D;MIOS;MYOG;NANOS1;NFIL3;NR4A1;PRRX1;RARA;SIX2;SMAD9;SMPX;SOX17;STK40;TFCP2L1;TP63;TRIB1;ZFY;ZSCAN18,31,exp-coregnet_mus-tool-coregnet
5e85b1e9a6f3,CSDE1,ABCF2;ADNP;ATOH8;BACH1;CANX;CBFB;CCDC25;CRTC2;CTCF;DHX36;DNAJC21;EGR1;ELK1;FHL2;FOXJ3;FOXO4;GTF2I;HP1BP3;HTATIP2;KDM2A;KDM7A;LARP1;MAPK1;MIOS;NAP1L1;NCOA3;NFE2L1;NPAS2;NR3C1;NR4A3;PKM;PSMD12;SMAD4;SMARCA5;SMARCC1;SNAI3;SSRP1;STK40;TPI1;VDR;ZBTB1;ZBTB41;ZBTB43;ZBTB44;ZBTB47;ZBTB7A;ZBTB7B;ZEB1;ZFP91;ZHX3;ZNF148;ZNF197;ZNF496;ZNF507;ZNF532;ZNF592;ZNF598;ZNF622;ZNF654;ZNF770;ZZZ3,61,exp-coregnet_mus-tool-coregnet
42aaf1c5b763,CSRP3,ARID5B;ATOH8;BACH1;CBFB;CEBPB;DHX36;E2F8;FOSL2;FOXO1;GADD45A;GTF2IRD1;HMGB3;HTATIP2;KDM5D;KDM7A;MEF2C;MIOS;NAP1L1;NCOA3;NFIL3;RBM8A;RORA;SMAP2;SMPX;SSRP1;TGIF1;VDR;XBP1;ZBTB7B;ZFY;ZNF598;ZNF622,32,exp-coregnet_mus-tool-coregnet
0ba8b1304cd8,CTSD,AGMAT;BHLHE41;CBFB;CRTC2;DBP;E2F8;GOT1;HES1;HMGB3;HTATIP2;KDM5D;KDM7A;MEF2C;NAP1L1;RXRG;SMAP2;SMPX;SSRP1;STAT5A;TGIF1;TRIB1;VDR;ZNF598,23,exp-coregnet_mus-tool-coregnet
2a0b55d9c6d2,ECH1,AGMAT;ARID5B;ASAP3;BACH1;CBFB;CRTC2;DHX36;ENO1;ETV5;EZR;FOSL2;FOXO1;GADD45A;GOT1;GTF2IRD1;HMGA1;HMGB3;HTATIP2;KDM5D;KDM7A;KLF3;KLF6;MAFF;MIOS;MYC;MYF6;NAP1L1;NFIL3;NPAS2;RBM8A;RELB;RORA;RUNX1;SMAP2;SSRP1;STK40;TGIF1;TP53;VDR;XBP1;ZNF213;ZNF598,42,exp-coregnet_mus-tool-coregnet
9d60d5dd1ae2,EEF2,AGMAT;ASAP3;BAX;BCL6;CBFB;CEBPD;CPSF4;CRTC2;CSNK2B;DAZAP1;DIDO1;DPF2;EZR;FOXO1;GADD45A;GTF2IRD1;GTPBP1;HNRNPA1;HNRNPUL1;KDM4C;KMT2B;MAFG;MAFK;MEF2D;MTHFD1;MYC;NAP1L1;NELFA;NELFB;NFX1;NOC2L;P4HB;RBM42;RBM8A;RELA;RELB;RPL35;RPS10;RPS4X;RXRG;SF1;SMAP2;SND1;SSRP1;STAT5A;TGIF1;TP53;TRIM28;TRMT1;VDR;XBP1;ZNF496;ZNF581;ZNF598,54,exp-coregnet_mus-tool-coregnet
9600aa4154dd,EIF1,AGMAT;ARG2;ARID5B;CANX;CBFB;CEBPB;CEBPD;CRTC2;CSNK2B;DAZAP1;DBP;DHX36;DPF2;E2F8;EDN1;ETV5;FOSL2;FOXO1;FOXP4;GADD45A;GPD1;GTF2B;GTPBP1;HMGB2;HMGB3;HNRNPA1;HNRNPC;HNRNPUL1;KDM7A;KLF6;MAFF;MAGOH;MED30;MEF2C;MEF2D;MYC;NAP1L1;NCBP2;NELFB;NFE2L2;NFIL3;NFX1;NOC2L;NUP133;PUM3;RAN;RBM42;RBM8A;RLF;SNAPC5;SSRP1;STAT5A;TAF7;TGIF1;VDR;XBP1;ZNF207;ZNF263;ZNF267;ZNF326;ZNF343;ZNF496;ZNF526;ZNF595;ZNF598;ZNF7,66,exp-coregnet_mus-tool-coregnet
4beda86e17bc,EIF4A2,ABCF2;ARID5B;BACH1;CANX;CBFB;CRTC2;DHX36;ETS2;GADD45A;GTPBP1;HES6;HMGB3;HMGXB4;HNRNPA1;HTATIP2;KDM7A;KLF6;MAFF;MAFG;MIOS;MXI1;MYF6;NAP1L1;NFE2L2;PIR;PRNP;PSMD12;PUM3;RAB2A;RBM8A;RORA;RXRG;SMARCC1;SNAI3;SSRP1;STAT5A;TGIF1;TP53;TRIM28;VDR;XBP1;ZBTB43;ZNF16;ZNF438;ZNF598,45,exp-coregnet_mus-tool-coregnet
fe4406af79ba,ENO3,AGMAT;ARID5B;ASAP3;BCL6;CBFB;CEBPD;DHX36;ENO1;EZR;FOSL2;FOXO1;GADD45A;GPD1;GTF2IRD1;HMGB3;HTATIP2;KDM7A;MIOS;MYC;MYF6;NAP1L1;PKM;PUM3;RBM8A;SMAP2;SSRP1;STAT5A;TGIF1;TP53;TPI1;TRMT1;VDR;XBP1;ZNF598,34,exp-coregnet_mus-tool-coregnet
d31d54e7e131,FABP3,AGMAT;ARG2;ARID5A;ATOH8;BCL3;CEBPA;CEBPD;CLK1;DAB2;E2F8;EDN1;EGR1;FOS;GADD45A;HES6;HMGB2;KDM5D;KLF6;MAFB;MAFF;MLXIPL;MYC;MYF6;MYOD1;NR4A2;NR4A3;PRKAA2;RBM3;RUNX1;SIX2;SOX7;SREBF1;ZBTB7B;ZFY,34,exp-coregnet_mus-tool-coregnet
059c8a1363f0,FBXO32,AGMAT;ARID5B;BACH1;CBFB;DBP;DHX36;E2F8;FHL2;FOXO1;HES1;HLTF;HMGB3;HTATIP2;KDM5D;KDM7A;MEF2C;MIOS;MYOD1;NR4A1;NR4A2;NR4A3;RORA;RXRG;SMAP2;SSRP1;TPI1,26,exp-coregnet_mus-tool-coregnet
bf8fa4452f6b,FHL1,ARID5B;ASAP3;ATOH8;BACH1;BCL6;CBFB;CEBPD;CFL2;CRTC2;DAZAP1;DHX36;ETV5;EZR;FOSL2;FOXO1;GADD45A;GTF2IRD1;GTPBP1;HMGB3;HTATIP2;KDM7A;KLF15;KLF6;MIOS;MYC;NAP1L1;NFIL3;PUM3;RBM8A;RELB;RORA;RUNX1;SMAP2;SSRP1;STAT5A;TGIF1;TP53;VDR;XBP1;ZBTB7B;ZNF598,41,exp-coregnet_mus-tool-coregnet
220b34d43878,FHL3,AGMAT;ARNT2;ATF3;BCL3;CEBPA;E2F8;EGR1;ENO1;ETS2;FOS;GADD45A;HES6;HMGB2;HSF2;ID1;KDM5D;MITF;MYC;MYOD1;MYOG;NCOA3;NME1;NR4A1;NR4A2;NR4A3;PITX2;RUNX1;SMAP2;SOX17;TAGLN2;TBX1;TFEB;TRIB1;XBP1;ZFY;ZNF579;ZNF581,37,exp-coregnet_mus-tool-coregnet
f3e109ff5a9d,FLNC,ABCF2;ARG2;CBFB;ENO1;FOS;FOXK2;GADD45A;GATAD2A;GTPBP1;HMGA1;HMGB3;HSPA5;HTATIP2;KDM7A;MIOS;NFIC;NME1;NPAS2;PDCD11;RBBP5;RELB;RUNX1;SIX2;SMAP2;SSRP1;STK40;TFE3;TGIF1;VDR;XBP1;ZBTB43;ZNF143;ZNF408;ZNF598;ZNF622;ZNF770,36,exp-coregnet_mus-tool-coregnet
c22c354bd8dc,GAPDH,AGMAT;ARG2;ARID5B;CEBPD;DHX36;EGR1;FOSL2;FOXO1;FOXO3;GADD45A;GPD1;HMGB3;HTATIP2;IRX3;KDM5D;MAFA;MEF2C;MYC;NANOS1;NFIL3;NR4A3;PKM;SMAP2;STAT5A;VDR;ZFY;ZNF423;ZNF598,28,exp-coregnet_mus-tool-coregnet
4da61f57af30,GLUL,AGMAT;ARID5B;ATOH8;BACH1;BCL6;BHLHE41;DBP;DHX36;E2F8;EGR1;ESRRB;FOSL2;FOXO1;FOXO3;GTF2IRD1;HES1;HMGB3;KDM5D;MEF2C;MIOS;NFIL3;NR3C2;NR4A3;RBM8A;SMAP2;SMPX;SSRP1;XBP1;ZFY,29,exp-coregnet_mus-tool-coregnet
353f834c48e5,GPX3,AGMAT;BHLHE41;CBFB;DHX36;E2F8;FOXO1;GADD45A;HMGB3;HTATIP2;KDM5D;KDM7A;MEF2C;MYC;NAP1L1;NR4A3;PUM3;SMAP2;SSRP1;STAT5A;TGIF1;VDR;XBP1;ZNF598,23,exp-coregnet_mus-tool-coregnet
9c87390bb147,HADHA,AGMAT;APEX2;ARID5A;ARID5B;ASAP3;ATOH8;BCL3;BHLHE40;BHLHE41;DBP;DHX36;DUSP26;E2F8;EGR1;FOS;FOSL2;FOXO1;GPD1;GTF2IRD1;HADHB;HES1;HES6;HIC1;HMGB3;JUNB;KDM4B;KDM5D;KDM7A;MEF2C;MEOX1;MEOX2;MIOS;MLXIPL;NFIL3;NPAS2;NR4A1;NR4A3;PKM;SIX2;SMAP2;SMPX;SNAI3;SSRP1;TFCP2L1;TRIB1;ZBTB38;ZBTB7B;ZFHX3;ZFY;ZNF143;ZNF189,51,exp-coregnet_mus-tool-coregnet
94713df36287,HADHB,AGMAT;ARID5A;ARID5B;ATF3;ATOH8;BHLHE40;BHLHE41;DBP;DHX36;E2F8;EGR1;ETS2;FOS;FOXO1;HADHB;HES1;HES6;HIC1;IRX3;JUNB;KDM5D;KDM7A;MAF;MEF2C;MEOX2;MIOS;MLXIPL;MSC;NANOS1;NR4A1;NR4A2;NR4A3;RXRA;RXRG;SIX2;SMAP2;SMPX;STK40;TFCP2L1;TRIB1;ZBTB7B;ZFY;ZNF770,43,exp-coregnet_mus-tool-coregnet
7efb6aee5e06,HSP90AB1,ABCF2;APEX2;ASAP3;ATF6;CANX;CBFB;CEBPZ;DHX36;ENO1;EZR;FOXO1;GADD45A;GTPBP1;HES6;HMGB3;HNRNPC;HTATIP2;KDM7A;MYC;MYF6;NAP1L1;NFKB1;NFX1;NOC2L;ODC1;PDCD11;PUM3;RAN;RELA;RUNX1;SMAP2;SMARCC1;SND1;SSRP1;STAT5A;TAF1;TCF12;TFAP4;TFE3;TGIF1;TIMELESS;TP53;TRMT1;VDR;XBP1;ZNF598;ZNF622;ZNF655;ZNF79,49,exp-coregnet_mus-tool-coregnet
f2cc9764307d,HSPA8,ARID5A;ARNT2;ATF3;ATOH8;CEBPD;E2F8;EGR1;ETS2;FOS;FOXO1;HES6;HMGA1;HMGB3;HSPA1L;JUNB;KDM5D;KLF5;MAFA;MAFG;MIOS;NANOS1;NCOA3;NPAS2;NR4A1;NR4A2;PITX3;SIX2;SIX4;STAT3;STK40;TBX15;TRIB1;ZBTB7B;ZNF622;ZNF628;ZNF770,36,exp-coregnet_mus-tool-coregnet
dd620bb08e66,HSPB1,ARG2;CBFB;CRTC2;DAZAP1;DHX36;GADD45A;HMGB3;HTATIP2;KDM7A;MAFG;MIOS;MYC;NAP1L1;NR4A3;RELB;RUNX1;RXRG;SMAP2;SMARCC1;SSRP1;STAT5A;TGIF1;TP53;VDR;XBP1;ZFY;ZNF213;ZNF438;ZNF581;ZNF598,30,exp-coregnet_mus-tool-coregnet
bf7323f2d3e3,HSPB6,AGMAT;ARID5B;ATOH8;BACH1;BCL6;CBFB;CEBPB;CEBPD;CRTC2;DHX36;ENO1;EZR;FOSL2;FOXO1;GADD45A;GTF2IRD1;HMGB3;HTATIP2;KDM7A;MIOS;MYC;NAP1L1;NCOA3;NFIL3;NNT;NPAS2;RBM8A;RELB;RORA;SMAP2;SMARCC1;SMPX;SSRP1;STAT5A;STK40;TGIF1;TIMELESS;VDR;XBP1;ZBTB43;ZBTB7B;ZNF408;ZNF438;ZNF581;ZNF598,45,exp-coregnet_mus-tool-coregnet
cd1a09cae92f,HSPB7,AGMAT;ARID5A;ATF3;ATOH8;CEBPA;CEBPD;DBP;E2F8;EGR1;ENO1;ETS2;ETV5;FOS;FOSL1;GADD45A;GPD1;HMGB2;HSPA5;IRX3;JUNB;KDM5D;KLF5;LMO2;MAFB;MAFF;MYF6;NANOS1;NPAS2;NR4A2;PITX1;RBM8A;SMAP2;SMPX;SOX6;TFCP2L1;TP63;XBP1;ZFY;ZNF622,39,exp-coregnet_mus-tool-coregnet
eb55811e4da1,HSPB8,ATOH8;BACH1;CANX;CBFB;DHX36;EZR;GADD45A;GTPBP1;HES6;HMGB3;HTATIP2;KDM5D;KDM7A;KLF5;MAFG;MIOS;NAP1L1;NR4A3;RBM8A;RELB;RUNX1;RXRG;SMARCC1;SSRP1;STK40;TGIF1;TP53;VDR;XBP1;ZBTB43;ZBTB7B;ZNF598,32,exp-coregnet_mus-tool-coregnet
3172080ae77c,IDH2,ARID5B;ATOH8;BACH1;BCL6;CANX;CBFB;CEBPA;CEBPB;CEBPD;CRTC2;DHX36;ENO1;ETS2;EZR;FOSL2;FOXO1;FOXO3;GADD45A;GTF2IRD1;GTPBP1;HCLS1;HMGB2;HMGB3;HTATIP2;KDM7A;KLF6;MAFF;MIOS;MYC;NAP1L1;NFIL3;PDCD11;PUM3;RBM8A;RELB;RORA;RUNX1;SMAP2;SSRP1;STAT5A;TGIF1;TP53;VDR;XBP1;ZBTB38;ZBTB7B;ZNF438;ZNF598,48,exp-coregnet_mus-tool-coregnet
d2c6f6e0d362,KLHL40,ARID5B;ASAP3;CBFB;CEBPB;CEBPD;DBP;DDIT3;E2F8;ENO1;EZR;FOSL1;FOSL2;FOXO1;GPD1;GTF2IRD1;GTPBP1;HMGA1;HMGB3;KLF15;KLF6;MAFF;MAFK;MEF2C;MIOS;NAP1L1;NFIL3;NPAS2;RARA;RBM8A;RELB;RXRG;SMAP2;SSRP1;TGIF1;XBP1;ZBTB16;ZFHX3;ZNF213;ZNF598;ZNF622,40,exp-coregnet_mus-tool-coregnet
bc8a4ad73ba4,KLHL41,ARID5A;ATOH8;BACH2;CBX7;CHD2;DUSP26;E2F8;FOSL2;FOXN3;HBP1;HES6;HIVEP2;KDM5D;MAFK;MEF2C;MLXIPL;MYOD1;NFATC1;NFATC2;NR1D2;NR3C1;PPARGC1A;PRKAA2;PRNP;RAB2A;RFX7;SATB1;SIX1;SIX2;SMAP2;SOX6;SP4;TEAD1;TEF;ZBTB44;ZNF280D;ZNF33B;ZNF704,38,exp-coregnet_mus-tool-coregnet
6f80105a6ceb,LDB3,AGMAT;ARG2;ARID5B;ASAP3;ATOH8;BACH1;BCL6;CANX;CBFB;CEBPD;CRTC2;DAZAP1;DHX36;E2F4;ELK1;ENO1;ETV5;EZR;FOSL2;FOXO1;GADD45A;GTF2IRD1;GTPBP1;HES6;HMGA1;HMGB3;HTATIP2;KDM7A;MAFG;MIOS;MYC;NAP1L1;NCOA3;NFIL3;NPAS2;PSMD12;PUM3;RARA;RBM8A;RELB;RORA;RUNX1;SIX2;SMAP2;SSRP1;STAT5A;STK40;TGIF1;TIMELESS;TP53;VDR;XBP1;ZBTB38;ZBTB43;ZBTB7B;ZNF213;ZNF438;ZNF581;ZNF598;ZNF622,60,exp-coregnet_mus-tool-coregnet
b91a1901a977,LDHA,AGMAT;ARG2;ARID5B;CEBPD;FOXO1;FOXO3;GADD45A;GPD1;HMGB2;HMGB3;HTATIP2;KDM5D;KDM7A;KLF15;MAF;MAFA;MLXIPL;MYF6;NANOS1;NFIL3;NR4A3;PKM;SMAP2;TPI1;VDR,25,exp-coregnet_mus-tool-coregnet
25792b8c5c58,LGALS1,AGMAT;AHDC1;AKR1A1;ANXA1;ARG2;ARID5B;ATOH8;CPTP;CXXC5;DBP;E2F8;FHL2;FOXO1;FOXO3;GTF2IRD1;HES4;HMGB3;HTATIP2;JUN;JUND;KDM5D;KDM7A;KLF15;MAF;MEF2C;MSC;MYF5;NFIL3;NR4A3;PKM;RBFOX2;SCX;SIX2;SMAP2;SMPX;TPI1;XBP1;ZNF598,38,exp-coregnet_mus-tool-coregnet
4174b3caeaa5,LMOD2,AGMAT;ATOH8;CBFB;DBP;DUSP26;E2F8;ESRRB;FOSL2;FOXO1;GADD45A;HMGB3;HTATIP2;MEF2C;MIOS;NPAS2;NR3C2;PRKAA2;PROX1;RBFOX2;RBM8A;SIX1;SMAP2;SMPX;SSRP1;TGIF1;VDR;XBP1;ZNF598,28,exp-coregnet_mus-tool-coregnet
8d71d5e80bc9,MB,ABCF2;AGMAT;APEX2;ARG2;ARID5A;ARID5B;ASAP3;ATOH8;BACH1;BAX;BCL6;CANX;CBFB;CEBPB;CEBPD;CEBPZ;CPTP;CRTC2;DAZAP1;DHX36;E2F4;EDN1;EGR1;ELK1;ENO1;ETS2;ETV5;EZR;FOS;FOSL2;FOXO1;FOXO3;GADD45A;GATAD2A;GTF2IRD1;GTPBP1;HMGA1;HMGB3;HNRNPA1;HTATIP2;KDM7A;KLF15;KLF6;KLF9;KMT2B;MAFF;MAFG;MAX;MIOS;MYC;MYF6;MZF1;NAP1L1;NCOA3;NFE2L2;NFIC;NFIL3;NME1;NNT;NPAS2;PDCD11;PRNP;PUM3;RARA;RBM8A;RELA;RELB;RORA;RUNX1;RXRA;SIX2;SMAP2;SMARCC1;SOCS4;SOX13;SSRP1;STAT5A;STK40;TFAP4;TFE3;TGIF1;TIMELESS;TP53;TP63;TRIM28;TRMT1;TSNAX;VDR;XBP1;ZBTB16;ZBTB38;ZBTB42;ZBTB43;ZBTB7B;ZC3H7A;ZFHX3;ZNF143;ZNF213;ZNF408;ZNF438;ZNF581;ZNF598;ZNF622;ZNF655,104,exp-coregnet_mus-tool-coregnet
02dd9b5ec57b,MKNK2,AGMAT;ARID5B;BACH1;BHLHE41;CPTP;DBP;DHX36;E2F8;FOSL2;FOXO1;GTF2IRD1;HES1;HMGB3;KDM5D;KDM7A;MEF2C;MIOS;PROX1;RBFOX2;SMPX;SSRP1;ZBTB7B,22,exp-coregnet_mus-tool-coregnet
a70575d21e71,MT-CO1,ARID5A;ATF3;BAX;BCL3;BCL6;BHLHE41;CBFB;CEBPA;CEBPB;CEBPD;CHD2;CLK1;CREB3;DDIT3;E2F8;EGR1;ETS2;EZR;FOS;FOSL2;FOXO1;HES1;HMGB3;HNRNPH3;HSPA1L;HTATIP2;JUNB;KDM5D;KLF2;KLF6;MAF;MAFF;MAFG;MAFK;MAZ;MSC;MXI1;MYC;MYF5;MYF6;NFIL3;NFKB2;NR1D1;NR4A1;NR4A2;PPP1R10;RELB;RPL35;RUNX1;SMAP2;SNAI2;TFAP4;TGIF1;TRMT1;VDR;ZNF581;ZNF598,57,exp-coregnet_mus-tool-coregnet
6ecb8860e1fd,MT-ND2,AGMAT;ARG2;ARID5A;ATF3;BCL3;BHLHE40;BHLHE41;DBP;DUSP26;E2F8;EGR1;FOS;GPD1;HES1;HES4;HLTF;HMGB2;HOXA7;IRX6;IVD;JUN;JUNB;JUND;KDM5D;KLF2;MAF;MAFF;MEF2C;MEOX2;MYOD1;MYOG;NR4A1;NR4A2;NR4A3;PITX1;PKM;RBFOX2;RXRG;SMAD9;SMPX;SNAI3;SOX17;SOX7;TAGLN2;TPI1;TRIB1;ZNF331;ZNF710;ZNF853,49,exp-coregnet_mus-tool-coregnet
0ba3fd488334,MT-ND3,AGMAT;ARG2;ARID5A;ARID5B;ATF3;ATOH8;BCL6;BHLHE40;CEBPA;CEBPD;CXXC5;DDIT3;E2F8;EDN1;EGR1;ETS2;ETV5;EZR;FOS;FOSL2;FOXO1;FOXO3;GADD45A;GPD1;GTF2IRD1;HMGB2;HMGB3;HSPA5;HTATIP2;IRX3;JUNB;KDM5D;KLF10;KLF13;KLF2;KLF6;KLF9;LMO2;MAF;MAFF;MEF2C;MYC;MYOG;NANOS1;NCOA3;NFIL3;NFKB2;NR1D1;NR4A1;NR4A2;NR4A3;PBX1;PITX1;PKM;RBM3;RORA;RUNX1;SMAD3;SMAD9;SMAP2;SNAI2;SREBF1;TGIF1;TP63;TRIB1;VDR;XBP1;ZFY,68,exp-coregnet_mus-tool-coregnet
e1aeffb85b88,MT-ND5,AGMAT;ARID5A;ATF3;BCL3;BHLHE40;BHLHE41;CEBPD;CLK1;DBP;DDIT3;DHX36;DUSP26;E2F8;EGR1;ETS2;ETV5;FHL2;FOS;HES4;HMGB3;JUNB;JUND;KDM5D;KLF6;MAFF;MAFK;MEF2C;MIOS;MYC;MYF6;NFIL3;NR1D1;NR4A1;NR4A2;NR4A3;PITX1;PPP1R10;RBM8A;RUNX1;RXRG;SCX;SMPX;SNAI3;SOX17;TFCP2L1;TRIB1;VDR;ZBTB7B;ZFY,49,exp-coregnet_mus-tool-coregnet
d0fe52c645cb,MT-ND6,AGMAT;ARID5A;ARID5B;ATF3;ATOH8;BCL3;BHLHE41;CEBPD;DBP;DDIT3;DHX36;E2F8;EGR1;ETS2;FHL2;FOS;FOXO1;HES1;HMGB3;JUNB;KDM5D;MAFF;MEF2C;MIOS;NR1D1;NR4A1;NR4A2;NR4A3;PITX1;RBM8A;SMAP2;SNAI3;TFCP2L1;TRIB1;VDR;ZBTB7B;ZFY,37,exp-coregnet_mus-tool-coregnet
356a41102fd4,MT1X,AGMAT;ARID5B;BHLHE41;DBP;DHX36;E2F8;FOS;FOSL2;FOXO1;GADD45A;HLTF;HMGB3;KDM5D;MEF2C;NFIL3;PROX1;RBM8A;SMAP2;SMPX;SNAI3;XBP1;ZFY,22,exp-coregnet_mus-tool-coregnet
4758d124d975,MT2A,AGMAT;ARID5B;BHLHE41;DBP;E2F8;EGR1;FOSL2;FOXO1;GADD45A;HES1;HLTF;HMGB3;HTATIP2;KDM5D;MEF2C;MIOS;NR4A3;RBM8A;SMAP2;SMPX;SNAI3;SSRP1;TGIF1;XBP1;ZFY,25,exp-coregnet_mus-tool-coregnet
3d0dfdeb593a,MUSTN1,AGMAT;ARID5B;BACH1;BCL6;CBFB;DUSP26;E2F8;ETV5;FOSL2;FOXO1;FOXO3;GTF2IRD1;HES6;HMGB3;KDM7A;KLF9;MEF2C;MIOS;NFIL3;NR4A3;SIX2;SMAP2;SMPX;XBP1;ZBTB7B,25,exp-coregnet_mus-tool-coregnet
613632995666,MYBPC1,BACH2;DUSP26;E2F8;GADD45A;HES6;HMGB3;HOXA7;HTATIP2;IRX3;MAFB;MAFF;MEF2C;MIOS;MYC;NFATC1;NFIL3;NME1;PRKAA2;RBFOX2;RUNX1;SATB1;SIX2;SMPX;SOX6;TFCP2L1;TGIF1;XBP1;ZBTB7B;ZFY;ZNF598;ZNF853,31,exp-coregnet_mus-tool-coregnet
694bf9219a3e,MYBPC2,AGMAT;ARID5B;CBFB;CEBPD;E2F8;ETV5;FOS;FOSL2;FOXO1;GADD45A;GPD1;HES6;HMGB3;HTATIP2;IRX3;IRX6;KDM5D;KDM7A;MAF;MEF2C;MIOS;MLXIPL;MYC;MYF6;NANOS1;NR4A3;PKM;SMAP2;SSRP1;STK40;TPI1;XBP1;ZBTB38;ZNF385A;ZNF598,35,exp-coregnet_mus-tool-coregnet
c8de0c4857ba,MYF6,AGMAT;ARG2;ARID5A;ARID5B;ATF3;CBFB;CEBPD;DBP;E2F8;GADD45A;HES1;HMGB3;HTATIP2;KDM5D;KDM7A;KLF6;MAFF;MEF2C;MIOS;MYC;MYF6;MYOD1;NAP1L1;NR4A1;NR4A2;NR4A3;PKM;PRNP;RORA;RUNX1;RXRG;SMAP2;SNAI3;SSRP1;STK40;TFAP4;TGIF1;TRIB1;VDR;XBP1;ZNF598,41,exp-coregnet_mus-tool-coregnet
965598204ce8,MYH1,AGMAT;ARG2;ARID5B;ATOH8;CEBPD;DBP;EGR1;ETV5;FOS;FOSL2;FOXO1;GADD45A;GPD1;HES1;HES6;HMGB3;HTATIP2;IRX3;IRX6;KDM5D;MAF;MAFF;MEF2C;MIOS;MLXIPL;NANOS1;NFIL3;RUNX1;RXRG;SMAP2;SSRP1;TFCP2L1;VDR;XBP1;ZNF598,35,exp-coregnet_mus-tool-coregnet
4065d702edbf,MYH2,AGMAT;ARID5B;ASAP3;BCL6;CANX;CBFB;CEBPD;CRTC2;DHX36;ETS2;FOSL2;FOXO1;GADD45A;HES6;HMGB3;HTATIP2;KDM7A;MEF2C;MIOS;MYC;NAP1L1;RBM8A;RELB;RORA;SIX2;SMAP2;SSRP1;STAT5A;TGIF1;VDR;XBP1;ZBTB16;ZBTB7B;ZNF213;ZNF581;ZNF598,36,exp-coregnet_mus-tool-coregnet
e3154f3880b7,MYH7,AGMAT;ARG2;ARID5B;BACH1;BCL6;CBFB;CEBPB;CEBPD;DHX36;ELK1;ETV5;EZR;FOSL2;FOXO1;GADD45A;GTF2IRD1;GTPBP1;HMGA1;HMGB3;HTATIP2;KDM7A;KLF6;MIOS;MYC;NAP1L1;NFIL3;NME1;PUM3;RBM8A;RELB;RORA;RUNX1;SMAP2;SMARCC1;SSRP1;STAT5A;STK40;TGIF1;TIMELESS;VDR;XBP1;ZBTB38;ZBTB7B;ZNF213;ZNF598,45,exp-coregnet_mus-tool-coregnet
b55765266fea,MYL1,AGMAT;ARID5B;ASAP3;ATOH8;BACH1;BCL6;CANX;CBFB;CEBPB;CEBPD;CRTC2;DHX36;ETV5;EZR;FOSL2;FOXO1;GADD45A;GTF2IRD1;GTPBP1;HMGA1;HMGB3;HTATIP2;KDM7A;KLF6;MAFG;MIOS;MYC;NAP1L1;NFIL3;PUM3;RBM8A;RELB;RORA;RUNX1;SMAP2;SSRP1;STAT5A;STK40;TGIF1;TIMELESS;VDR;XBP1;ZBTB38;ZBTB7B;ZNF213;ZNF438;ZNF598,47,exp-coregnet_mus-tool-coregnet
84cad2d95243,MYL12A,AGMAT;ARID5B;ATOH8;BACH1;CANX;CBFB;CRTC2;DHX36;E2F8;EZR;FOSL2;FOXO1;FOXO3;GADD45A;HES6;HMGB3;HTATIP2;KDM7A;MEF2C;MIOS;NAP1L1;NFIL3;RBM8A;RELB;SIX2;SMAP2;SMARCC1;SMPX;SSRP1;STK40;TFCP2L1;TGIF1;ZBTB38;ZBTB7B;ZNF598;ZNF622,36,exp-coregnet_mus-tool-coregnet
5f19b4ca07a0,MYL2,ARID5B;BACH1;BCL6;CANX;CBFB;CEBPD;CRTC2;DHX36;EGR1;EZR;FOSL2;FOXO1;GADD45A;GTF2IRD1;HLTF;HMGB3;HTATIP2;KDM7A;MIOS;MYC;MYF6;NAP1L1;PUM3;RBM8A;RELB;RORA;RUNX1;SMAP2;SSRP1;STK40;TGIF1;VDR;XBP1;ZBTB43;ZNF598,35,exp-coregnet_mus-tool-coregnet
403f3f80d30a,MYL3,AGMAT;ARG2;ARID5B;ASAP3;BACH1;BCL6;CBFB;CEBPD;CRTC2;DHX36;EDN1;EGR1;FOSL2;FOXO1;GADD45A;GTF2IRD1;HMGA1;HMGB3;HTATIP2;KDM5D;KDM7A;MAFG;MAFK;MIOS;MYC;MZF1;NAP1L1;NFIL3;PKM;RBM8A;RELB;RUNX1;SMAP2;SMARCC1;SSRP1;STAT5A;STK40;TGIF1;TP53;TPI1;VDR;XBP1;ZBTB7B;ZFY;ZNF598,45,exp-coregnet_mus-tool-coregnet
a523e3e0fa25,MYOM1,APEX2;ARID5B;ASAP3;BACH1;CBFB;CEBPA;CRTC2;DHX36;ENO1;EZR;FOSL2;FOXO1;GADD45A;GTF2IRD1;GTPBP1;HES6;HMGB3;HTATIP2;KDM7A;KLF6;MIOS;MYC;NAP1L1;NFIL3;NME1;NNT;NPAS2;NR4A3;PUM3;RBM8A;RELB;RORA;RUNX1;SMAP2;SMPX;SSRP1;STAT5A;STK40;TGIF1;TP53;VDR;XBP1;ZBTB7B;ZNF598;ZNF622,45,exp-coregnet_mus-tool-coregnet
a86d3f60e962,MYOT,ARID5B;ASAP3;ATOH8;BACH1;BCL6;CANX;CBFB;CEBPB;CEBPD;CRTC2;DHX36;ENO1;ETS2;EZR;FOSL2;FOXO1;GADD45A;GTF2IRD1;GTPBP1;HES6;HMGB3;HTATIP2;KDM7A;KLF3;KLF6;KLF9;MAFF;MAFG;MIOS;MYC;NAP1L1;NFIL3;NME1;NPAS2;PUM3;RBM8A;RELB;RORA;RUNX1;SMAP2;SMARCC1;SMPX;SSRP1;STAT5A;STK40;TFCP2L1;TGIF1;TIMELESS;TP53;VDR;XBP1;ZBTB38;ZBTB43;ZBTB7B;ZNF143;ZNF213;ZNF438;ZNF598;ZNF622,59,exp-coregnet_mus-tool-coregnet
d47cab7bb823,MYOZ1,AGMAT;ARID5B;ASAP3;ATOH8;BACH1;CANX;CBFB;CEBPB;CEBPD;CRTC2;DHX36;ETV5;EZR;FOSL2;FOXO1;GADD45A;HES6;HMGA1;HMGB3;HTATIP2;KDM7A;MAFG;MEF2C;MIOS;MLXIPL;MYC;NAP1L1;NFIL3;NPAS2;PUM3;RBFOX2;RBM8A;RORA;RUNX1;SMAP2;SMPX;SSRP1;STAT5A;STK40;TFCP2L1;TGIF1;VDR;XBP1;ZBTB38;ZBTB7B;ZNF213;ZNF438;ZNF598;ZNF622,49,exp-coregnet_mus-tool-coregnet
ead4ef8be346,NDRG2,ARID5A;ASAP3;BAD;BHLHE40;CEBPD;FHL2;GOT1;HES6;HMGB2;HTATIP2;JUNB;MAFF;MAZ;MIOS;NFIL3;NR4A2;RELB;SIX2;SMAP2;SPR;STK40;TRIB1;XBP1;ZBTB18;ZBTB47;ZBTB7B;ZNF213;ZNF219;ZNF641,29,exp-coregnet_mus-tool-coregnet
7848def65abc,NDUFB7,ARID5B;ATOH8;BACH1;BCL6;CANX;CBFB;CEBPZ;DHX36;ETV5;FOSL2;FOXO1;FOXO3;GADD45A;GTF2IRD1;HMGB3;HTATIP2;KDM7A;KLF15;KLF9;MAFF;MAFG;MIOS;MITF;NAP1L1;NCOA3;NFIL3;NPAS2;PSMD12;RBM8A;RORA;RUNX1;SMAP2;SMARCC1;SOCS4;SSRP1;STK40;TGIF1;TSNAX;XBP1;ZBTB16;ZBTB38;ZBTB43;ZBTB7B;ZC3H7A;ZFHX3;ZNF438;ZNF598;ZNF622,48,exp-coregnet_mus-tool-coregnet
c69401253751,NEB,AFF4;AGMAT;ARID5A;ATOH8;BACH2;CHD2;DUSP26;E2F8;FOS;HBP1;HES6;HIVEP2;HMGB3;HOXA7;HTATIP2;IRX3;JUN;MAFB;MEF2C;MLXIPL;NFATC1;NR1D2;NR4A1;PDLIM5;PITX2;PLAGL1;PRKAA2;PRNP;PRRX1;RBFOX2;SATB1;SMAP2;SMARCA1;SMPX;SOX6;SP4;TEAD1;ZNF385A;ZNF441;ZNF516;ZNF704;ZNF710;ZNF853;ZSCAN18,44,exp-coregnet_mus-tool-coregnet
0a9f3d031b85,NFE2L1,AGMAT;ARID5B;BHLHE40;CANX;CBFB;DBP;DHX36;DNAJC21;EGR1;ELK1;FHL2;FOS;FOXO4;GOT1;HES1;HES4;HMGA1;HMGB3;HTATIP2;KDM2A;KDM5D;KDM7A;KLF13;LARP1;MAFG;MIOS;MITF;MLXIP;MXI1;MYF6;MYOD1;NCOA3;NFE2L1;NPAS2;NR4A1;NR4A2;NR4A3;RORA;RXRG;SMARCC1;SNAI3;STK40;TPI1;TPPP;TRIB1;VDR;ZBTB43;ZBTB47;ZNF598;ZNF622;ZNF770,51,exp-coregnet_mus-tool-coregnet
3f19fbbf46a7,NRAP,AGMAT;ARID5B;ATOH8;DUSP26;E2F8;FOSL2;FOXO1;HMGB3;HTATIP2;KDM5D;MAFF;MEF2C;NFIL3;NR4A1;PRKAA2;RBFOX2;RBM8A;SIX2;SMAP2;SMPX;SSRP1;XBP1;ZNF853,23,exp-coregnet_mus-tool-coregnet
d3c6b1f07c38,OPTN,ABCF2;AGMAT;ARID5B;ASAP3;BACH1;CBFB;CEBPZ;DBP;DHX36;E2F8;FOSL2;FOXO1;FOXO3;HMGB3;KDM5D;KDM7A;KLF15;KLF9;MIOS;MITF;MXI1;MYOG;NAP1L1;NCOA3;NFIC;NFIL3;PHF20;PSMA6;RAB2A;RORA;RXRA;SMAP2;SOX13;SSRP1;STAT5A;ZBTB16;ZBTB43;ZFHX3;ZNF143;ZNF48;ZNF598,41,exp-coregnet_mus-tool-coregnet
d29a1eb59b37,PDK4,AGMAT;ARID5B;ATOH8;BACH1;BHLHE40;BHLHE41;CEBPD;CPTP;DBP;DHX36;E2F8;FOSL2;FOXO1;FOXO3;GADD45A;HMGB3;KDM5D;KDM7A;KLF15;MAFF;MEF2C;MEOX2;MIOS;MYOD1;NFIL3;NR4A2;NR4A3;RBM8A;RXRG;SMAP2;SNAI3;ZBTB16;ZBTB38,33,exp-coregnet_mus-tool-coregnet
4fc7ca274772,PDLIM1,AGMAT;ARID5B;ATOH8;CBFB;CEBPD;DHX36;EGR1;FOSL2;FOXO1;FOXO3;GADD45A;GTF2IRD1;GTPBP1;HMGB2;HMGB3;KDM5D;KDM7A;KLF15;MEF2C;NAP1L1;NFIL3;RBM8A;SMAP2;STAT5A;XBP1;ZBTB16;ZBTB38;ZFY;ZNF622,29,exp-coregnet_mus-tool-coregnet
493e429a61fc,PDLIM3,AKR1A1;ANXA1;ARG2;ARID5A;ATF3;BACH2;DUSP26;E2F8;EGR1;HES6;HMGB3;IRX3;JUN;KDM5D;KLF6;LMO2;MAF;MAFB;MEF2C;MIOS;MLXIPL;MYF5;NFIL3;NFKB2;PPARGC1A;PRKAA2;RBFOX2;SIX2;SMPX;SOX6;SOX7;TEAD4;TFCP2L1;TP63;ZBTB7B;ZFY;ZNF441;ZSCAN18,38,exp-coregnet_mus-tool-coregnet
439f0f7fa067,PFKFB3,AGMAT;ARID5B;BACH1;BHLHE41;CBFB;CEBPD;CPTP;E2F8;EGR1;FOSL2;FOXO1;FOXO3;GADD45A;GTF2IRD1;HES1;HMGB3;KDM5D;KDM7A;KLF9;MAFF;MYC;MYOD1;NFIL3;NR4A3;RXRG;SNAI3;XBP1;ZBTB38,28,exp-coregnet_mus-tool-coregnet
53a215853e71,PFKM,AGMAT;AKR1A1;ARID5B;ASPSCR1;CBFB;CEBPA;E2F8;EZR;FOS;FOXO1;GADD45A;GTPBP1;HMGB3;HSF2;HTATIP2;KDM5D;KDM7A;LMO2;MAFG;MDM2;MIOS;MYF6;MZF1;NAP1L1;NCOA3;NFIC;NR1D2;PBX1;PHF20;RBM8A;SMAP2;SMARCC1;SMARCC2;SNAI3;SND1;SOX6;SSRP1;TEF;TGIF1;TP53;TP63;VDR;ZBTB43;ZNF641,44,exp-coregnet_mus-tool-coregnet
48179bf41448,PGM1,AGMAT;AR;ARG2;ARID5B;ARNT2;ATOH8;CEBPD;DUSP26;E2F8;ENO1;FOSL2;FOXO1;GADD45A;GPD1;HMGB3;ID1;KDM5D;LBX1;MEF2C;MLXIPL;NANOS1;NME1;NR1D2;PRKAA2;PUM3;RXRG;SATB1;SMAP2;SOX6;TEAD1;XBP1;ZNF423;ZNF598,33,exp-coregnet_mus-tool-coregnet
d03958dc8682,PKM,ARG2;ARID5B;ASAP3;BACH1;BCL6;CANX;CBFB;CEBPD;CRTC2;DHX36;FOSL2;FOXO1;FOXO3;GADD45A;GTF2IRD1;GTPBP1;HMGB3;HTATIP2;KDM7A;MIOS;MYC;NAP1L1;NFIL3;NPAS2;PKM;PUM3;RBM8A;RORA;RUNX1;SMAP2;SSRP1;STAT5A;TGIF1;VDR;XBP1;ZBTB38;ZBTB7B;ZFHX3;ZNF213;ZNF581;ZNF598;ZNF622,42,exp-coregnet_mus-tool-coregnet
ce8a17ac23c7,PPP1R27,ARG2;ARID5A;ATF3;BCL3;BHLHE40;CEBPD;CLK1;EGR1;ETS2;FOS;FOXO1;GADD45A;GTPBP1;HES6;IRF1;JUNB;KDM5D;MAF;MAFF;MAFK;MSC;MYC;NFKB2;NR4A1;NR4A2;NR4A3;PPP1R10;RARA;RUNX1;TGIF1;TRIB1;XBP1,32,exp-coregnet_mus-tool-coregnet
a385cf0aeaca,PRDX6,ABCF2;ARID5B;BACH1;BCL6;BHLHE41;CBFB;CEBPZ;CRTC2;DHX36;E2F8;FOSL2;FOXO1;FOXO3;GADD45A;GTF2IRD1;GTPBP1;HMGB3;KDM7A;MIOS;MYC;NAP1L1;RBM8A;RORA;SMAP2;SSRP1;STAT5A;XBP1;ZBTB38;ZBTB43;ZBTB7B;ZFHX3;ZNF143;ZNF438;ZNF598;ZNF655,35,exp-coregnet_mus-tool-coregnet
ef819776a3a7,PSAP,ABCF2;ASAP3;CANX;CBFB;DHX36;GADD45A;HMGB3;HTATIP2;KDM7A;MIOS;NAP1L1;RUNX1;RXRG;SMAP2;SMARCC1;SMPX;SSRP1;STAT5A;STK40;TGIF1;TP53;VDR;XBP1;ZNF213;ZNF598,25,exp-coregnet_mus-tool-coregnet
2b53f6eff17a,PYGM,AGMAT;APEX2;ARID5B;ASAP3;ATOH8;BACH1;BCL6;CANX;CBFB;CEBPB;CEBPD;CRTC2;DAZAP1;DHX36;ELK1;ENO1;ETV5;EZR;FOSL2;FOXO1;GADD45A;GPD1;GTF2IRD1;GTPBP1;HMGB3;HTATIP2;KDM7A;KLF15;KLF6;MAFF;MAFG;MIOS;MXI1;MYC;MYF6;NAP1L1;NFIL3;NME1;PDCD11;PKM;PUM3;RARA;RBM8A;RELB;RORA;RUNX1;RXRG;SMAP2;SMARCC1;SSRP1;STAT5A;STAT6;STK40;TFE3;TGIF1;TP53;TPI1;TRMT1;VDR;XBP1;ZBTB38;ZBTB7B;ZNF213;ZNF438;ZNF581;ZNF598;ZNF622,67,exp-coregnet_mus-tool-coregnet
2bae15077bf3,RAD23A,ABCF2;ARID5B;ASAP3;BACH1;BCL6;CBFB;CEBPD;CRTC2;DHX36;DNAJC21;E2F4;EGR1;FOS;FOSL2;FOXO1;FOXO3;FOXO4;GADD45A;GTF2IRD1;GTPBP1;HMGA1;HMGXB4;HTATIP2;KDM7A;KMT2B;MAFG;MAZ;MBD1;MIOS;MITF;MYC;MYOG;NAP1L1;NCOA3;NFIC;NFIL3;NOC2L;NPAS2;P4HB;RBM8A;RELB;RORA;SIX2;SMARCC1;SMARCC2;SMPX;SOX13;SSRP1;STAT5A;STK40;TGIF1;TRIB1;VDR;XBP1;ZBTB16;ZBTB43;ZBTB7A;ZFHX3;ZNF143;ZNF213;ZNF485;ZNF524;ZNF581;ZNF598;ZNF653,65,exp-coregnet_mus-tool-coregnet
022371465716,RPL10,AGMAT;BCL6;CBFB;CEBPD;CRTC2;CSNK2B;DAZAP1;ENO1;EZR;FOSL2;FOXO1;GADD45A;GPD1;GTF2IRD1;GTPBP1;HNRNPA1;HNRNPUL1;KDM4C;KDM5D;KDM7A;KLF6;KMT2B;MYC;NAP1L1;NELFA;NFKB2;NOC2L;P4HB;PUM3;RELA;RORA;RPS10;RPS4X;SMAP2;SSRP1;STAT5A;TGIF1;TIMELESS;TP53;VDR;XBP1;ZNF276;ZNF581;ZNF598,44,exp-coregnet_mus-tool-coregnet
904dadaadaf8,RPL10A,AGMAT;BANP;BCL6;CBFB;CEBPD;CNOT3;CSNK2B;DAZAP1;DBP;ENO1;EZR;FOSL2;FOXO1;GADD45A;GTF2IRD1;GTPBP1;HNRNPA1;HNRNPUL1;KDM4C;KDM5D;KLF6;KMT2B;LAS1L;MNT;MYC;MZF1;NAP1L1;NELFA;NELFB;NFIL3;NFKB2;NFX1;NME1;NOC2L;P4HB;PITX3;PUM3;RBM42;RFC2;RPL35;RPS10;RPS4X;RXRG;SFPQ;SMAP2;SNAI3;SND1;SSRP1;STAT5A;STAT6;TGIF1;TP53;TRIM28;VDR;WDR83;XBP1;ZFY;ZNF274;ZNF581;ZNF598,60,exp-coregnet_mus-tool-coregnet
ac8175edbcc7,RPL11,AGMAT;ARNT2;CEBPD;CERS2;CNOT3;CREB3L4;CREBL2;CSNK2B;CXXC1;DBP;DNTTIP1;DPF2;ENO1;GADD45A;GPD1;HDAC1;HES1;HES6;HNRNPA1;HNRNPUL1;IRF3;KDM5D;KLF6;LAS1L;MEF2B;MEF2C;MEOX2;MNT;MXD3;MYC;MYF5;NANOS1;NELFA;NFATC4;PHF8;POLI;RBM42;RBPJ;RPL35;RPS10;RPS4X;RXRG;SIRT6;SIX2;SMAP2;SNAPC4;SSRP1;STAT6;TGIF1;TP53;TRIB2;WDR83;XRCC1;ZFY;ZNF12;ZNF224;ZNF226;ZNF251;ZNF263;ZNF276;ZNF333;ZNF335;ZNF354B;ZNF416;ZNF526;ZNF791;ZNF875,67,exp-coregnet_mus-tool-coregnet
98cbe69b7c17,RPL12,AGMAT;BCL6;CBFB;CEBPD;DAZAP1;DBP;E2F8;ENO1;EZR;FOSL2;FOXO1;GADD45A;GOT1;GTF2IRD1;GTPBP1;HNRNPA1;KMT2B;MEF2C;MYC;NAP1L1;RBM8A;RELB;RPL35;RPS10;RXRG;SMAP2;SNAI3;SND1;SSRP1;STAT5A;TGIF1;TP53;TRMT1;VDR;XBP1;ZNF581;ZNF598,37,exp-coregnet_mus-tool-coregnet
291142045c0b,RPL13,AGMAT;ARID5B;BCL6;CBFB;CEBPD;CNOT3;CSNK2B;DAZAP1;DBP;DPF2;E2F8;ENO1;ETS2;FOXO1;GADD45A;GPD1;GTPBP1;HLTF;HNRNPA1;HNRNPUL1;KLF15;KLF6;KMT2B;MAFF;MAFK;MEF2C;MYC;NAP1L1;NELFA;NELFB;NFIL3;NNT;NR4A3;RBM42;RFC2;RPL35;RPS10;RPS4X;RXRG;SMAP2;SNAI3;SOX13;SSRP1;STAT5A;TGIF1;TP53;TRIM28;TRMT1;VDR;XBP1;XRCC1;ZNF581;ZNF598,53,exp-coregnet_mus-tool-coregnet
a8f2239e3f3f,RPL13A,ARFGAP1;ASPSCR1;BCL6;CBFB;CEBPB;CEBPD;CPSF4;CRTC2;CSNK2B;DRAP1;E2F8;ENO1;ETS2;EZR;FOXO1;FOXP4;GOT1;GTPBP1;HNRNPUL1;KDM4C;KDM5D;KDM7A;KLF6;KMT2B;MAFK;MAX;MEF2C;MXI1;MYC;MYF6;NAP1L1;NELFA;NELFB;P4HB;PKM;RBM42;RELA;RPL35;RPS10;RPS4X;SMAP2;SNAI3;SOX13;SSRP1;STAT5A;TGIF1;TRIM28;VDR;WDR83;XBP1;XRCC1;ZBTB16;ZNF384;ZNF581;ZNF595;ZNF598,56,exp-coregnet_mus-tool-coregnet
e94fabc85ac5,RPL17,AGMAT;APEX2;ASAP3;BAX;BCL6;CBFB;CEBPD;CERS5;CRTC2;DAB2;DAZAP1;ENO1;EZR;FOSL2;GADD45A;GPD1;GTPBP1;HCLS1;HMGB2;HMGB3;HNRNPA1;HTATIP2;IRF3;KLF6;KMT2B;LAS1L;MYC;NAP1L1;NFATC4;NFIL3;NFKB2;NME1;PUM3;RELB;RPL35;RPS10;RPS4X;RXRG;SMAP2;SMPX;SNAI2;SND1;SSRP1;STAT5A;STAT6;TGIF1;TP53;TRMT1;VDR;WDR83;XBP1;ZNF263;ZNF274;ZNF581;ZNF598;ZNF700,56,exp-coregnet_mus-tool-coregnet
85a634179c45,RPL19,AGMAT;ARG2;BANP;CBFB;CEBPA;CEBPB;CEBPD;CSNK2B;DAZAP1;DBP;DRAP1;ENO1;ETS2;EZR;FOXO1;GADD45A;GTPBP1;HES6;HNRNPA1;HNRNPC;HNRNPUL1;KDM4C;KLF6;KMT2B;LAS1L;MYC;NAP1L1;NELFA;NELFB;NFKB2;P4HB;RBM42;RELA;RPL35;RPS10;RPS4X;RXRG;SMAP2;SND1;SSRP1;STAT5A;TFAP4;TGIF1;TP53;TRIM28;TRMT1;U2AF1;VDR;XBP1;XRCC1;ZNF581;ZNF598,52,exp-coregnet_mus-tool-coregnet
2ead90fe5a54,RPL26,AGMAT;BCL6;CBFB;CEBPD;CNOT3;CRTC2;CSNK2B;DAZAP1;E2F8;ENO1;EZR;FOXO1;GADD45A;HNRNPA1;HTATIP2;KDM5D;KLF6;LAS1L;MEF2C;MYC;MZF1;NAP1L1;NELFA;NELFB;NOC2L;PPP1R10;RFC2;RPL35;RPS10;RPS4X;RXRG;SNAI3;SSRP1;STAT5A;TFE3;TGIF1;TP53;TRIM28;TRMT1;VDR;WDR83;ZFY;ZNF143;ZNF274;ZNF581;ZNF598,46,exp-coregnet_mus-tool-coregnet
dc35fe4151c7,RPL27,ABCF2;AGMAT;APEX1;ASAP3;BAX;CBFB;CEBPD;CRTC2;CSNK2B;DAZAP1;DBP;DPF2;DRAP1;ENO1;EZR;FOXO3;GADD45A;GOT1;GPD1;GTF2IRD1;GTPBP1;HES1;HLTF;HNRNPA1;HNRNPUL1;IRX3;KDM4C;KDM5D;KLF6;KMT2B;MAFF;MAFG;MEF2C;MYC;MYF6;MZF1;NAP1L1;NELFB;NME1;NNT;NR4A3;PKM;PRNP;PUM3;RELB;RPL35;RPS10;RPS4X;RXRG;SMAP2;SOX13;SSRP1;STAT5A;TGIF1;TIMELESS;TRMT1;VDR;WDR83;XBP1;XRCC1;ZC3H7A;ZFY;ZNF227;ZNF335;ZNF384;ZNF581;ZNF598,67,exp-coregnet_mus-tool-coregnet
d5201a8bc696,RPL29,AGMAT;APEX1;BANP;BCL6;CBFB;CEBPD;CPSF4;CRTC2;CSNK2B;DAZAP1;DBP;DEAF1;DPF2;DRAP1;ENO1;ETV5;EZR;FOXO1;FOXO3;FOXP4;GTF2IRD1;HES1;HMBOX1;HMGB3;HNRNPA1;HNRNPC;HNRNPUL1;IKZF5;KDM4C;KDM7A;KLF6;LAS1L;MAFG;MAX;MEF2C;MYC;MYF6;NAP1L1;NCOA3;NELFA;NELFB;NFIL3;P4HB;PHF21A;POLE4;PRNP;RBM42;RBM8A;RELB;RPL35;RPS10;RPS4X;SMAP2;SMARCC1;SNAI3;SSRP1;STAT5A;STAT6;TFAP4;TGIF1;TRIM28;TRMT1;U2AF1;VDR;WDR83;XBP1;ZBTB16;ZC3H7A;ZFHX3;ZNF227;ZNF263;ZNF276;ZNF316;ZNF333;ZNF335;ZNF343;ZNF496;ZNF526;ZNF574;ZNF581;ZNF595;ZNF598,82,exp-coregnet_mus-tool-coregnet
2844ba68e48f,RPL32,AGMAT;ARID5B;CBFB;CEBPD;CPTP;CSNK2B;DAZAP1;DBP;DRAP1;E2F8;ENO1;FOSL2;FOXO1;GADD45A;GOT1;GPD1;GTPBP1;HES1;HNRNPA1;HNRNPC;HNRNPUL1;KDM5D;KLF6;LAS1L;MAFK;MEF2C;MYC;NAP1L1;NELFB;NFX1;NNT;P4HB;PDCD11;PKM;RBM42;RFC2;RPL35;RPS10;RPS4X;RXRG;SFPQ;SMAP2;SND1;SSRP1;STAT5A;TGIF1;TP53;U2AF1;VDR;XBP1;ZNF598,51,exp-coregnet_mus-tool-coregnet
4e74a90bda4b,RPL35,AGMAT;ASPSCR1;BCL6;CBFB;CEBPD;CPTP;CRTC2;CSNK2B;DAZAP1;DBP;E2F8;ENO1;FOXO1;GADD45A;GOT1;GPD1;GTPBP1;HES1;HLTF;HMGB3;HNRNPA1;KDM5D;KLF6;KMT2B;MEF2C;MYC;MZF1;NAP1L1;NELFA;NELFB;NNT;NR4A3;PKM;RBM42;RPL35;RPS10;RPS4X;RXRG;SNAI3;SSRP1;STAT5A;TGIF1;TP53;TRIM28;TRMT1;VDR;XBP1;ZFY;ZNF274;ZNF423;ZNF581;ZNF598,52,exp-coregnet_mus-tool-coregnet
bf256b8c9738,RPL38,AGMAT;ASAP3;BCL6;CBFB;CEBPD;CPTP;CSNK2B;DAZAP1;DBP;DRAP1;E2F8;ENO1;ETV5;EZR;FOXO1;GADD45A;GPD1;GTF2IRD1;GTPBP1;HLTF;HMGB2;HMGB3;HNRNPA1;KDM5D;KLF15;KLF6;LAS1L;MAFF;MEF2C;MYC;NAP1L1;NELFA;NFIL3;NR4A3;RBM42;RELB;RPL35;RPS10;RPS4X;RXRG;SMAP2;SND1;SSRP1;STAT5A;STAT6;TGIF1;TP53;U2AF1;VDR;WDR83;XBP1;ZC3H7A;ZFY;ZNF274;ZNF581,55,exp-coregnet_mus-tool-coregnet
4fb27cac51c9,RPL4,AGMAT;APEX1;CBFB;CEBPD;CRTC2;CSNK2B;DIDO1;DPF2;ENO1;ETS2;EZR;FOSL2;FOXO1;FOXO3;GADD45A;GPD1;GTF2IRD1;GTPBP1;HES6;HNRNPA1;HNRNPC;HNRNPUL1;KDM4C;KLF6;KMT2B;MTHFD1;MYC;NAP1L1;NFIC;NFIL3;NFX1;NOC2L;NUP133;P4HB;PITX3;RBM22;RBM42;RBM8A;RELA;RFC2;RPS10;RPS4X;RXRG;SETDB1;SMAP2;SSRP1;STAT5A;TFE3;TGIF1;TP53;TRIM28;VDR;XBP1;XRCC1;ZC3H7A;ZNF143;ZNF227;ZNF496;ZNF526;ZNF550;ZNF581;ZNF598;ZXDC,63,exp-coregnet_mus-tool-coregnet
1a99edc34d99,RPL41,AGMAT;ARG2;ARID5B;BACH1;BCL6;CBFB;CEBPB;CEBPD;CRTC2;CSNK2B;DAZAP1;EZR;FOXO1;FOXO3;GOT1;GPD1;GTF2IRD1;GTPBP1;HES6;HNRNPUL1;IRX3;KDM5D;KLF6;KMT2B;MAFF;MEF2C;MYC;NAP1L1;NME1;PUM3;RBM8A;RELB;RPL35;RPS10;RPS4X;RXRG;SMAP2;SSRP1;STAT5A;TGIF1;TP53;VDR;XBP1;ZC3H7A;ZNF581;ZNF598,46,exp-coregnet_mus-tool-coregnet
b103d764b0fc,RPL5,ABCF2;AGMAT;CBFB;CEBPD;CPSF4;CSNK2B;DAZAP1;ENO1;EZR;FOSL2;FOXO1;GADD45A;GPD1;GTPBP1;HES1;HNRNPA1;HNRNPC;KDM4C;KDM5D;KLF6;MBD1;MEF2C;MYC;MYF6;NAP1L1;NCBP2;NFIL3;NME1;NOC2L;PITX3;POLE4;PUM3;RAN;RBM8A;RELB;RPL35;RPS10;RPS4X;RXRG;SMAP2;SMPX;SNAI3;SNAPC5;SND1;SSRP1;STAT5A;TGIF1;TP53;TRIM28;VDR;XBP1;ZNF143;ZNF263;ZNF581;ZNF598,55,exp-coregnet_mus-tool-coregnet
1fd2e030c178,RPL7,AGMAT;ARG2;ARID5A;BCL6;CBFB;CEBPD;CPTP;CRTC2;CSNK2B;DPF2;E2F8;ENO1;ETS2;EZR;FOXO1;FOXO3;GADD45A;GPD1;GTPBP1;HES1;HMBOX1;HMGB3;HNRNPA1;HNRNPC;HNRNPLL;HNRNPUL1;IRX3;KDM4C;KLF6;KMT2B;MXI1;MYC;MYF6;NAP1L1;NELFA;NFKB2;NFX1;NNT;NUP133;PITX3;PRNP;PUM3;RBM22;RBM8A;RLF;RPL35;RPS10;RPS4X;RXRG;SMAP2;SMPX;SSRP1;STAT5A;TFAP4;TGIF1;THOC2;TP53;TRIM28;VDR;XBP1;ZNF227;ZNF263;ZNF274;ZNF496;ZNF581;ZNF598,66,exp-coregnet_mus-tool-coregnet
6ba7b56de296,RPL7A,AGMAT;ARFGAP1;ATF3;BANP;BCL6;CBFB;CNOT3;CPSF4;CRTC2;CSNK2B;DAZAP1;DIDO1;DMAP1;DPF2;DRAP1;ENO1;FOS;FOXP4;GPANK1;GTPBP1;HES1;HMBOX1;HMGB3;HMGXB3;HNRNPA1;HNRNPC;HNRNPUL1;HSF1;KDM4C;KMT2B;LAS1L;MBD1;MED30;MEF2C;MRPS25;MYC;MZF1;NAP1L1;NELFA;NELFB;NFIL3;NFKB2;NOC2L;NR1D1;NUP107;P4HB;PDCD11;PHF21A;RBM22;RBM42;RELA;RFC2;RPL35;RPS10;RPS4X;RXRG;SETDB1;SF1;SIRT6;SMAP2;SMARCC2;SNAPC4;SND1;SSRP1;STAT5A;TCF12;TFAP4;TGIF1;TP53;TRIM21;TRIM28;U2AF1;VDR;WDR83;XBP1;XRCC1;ZNF143;ZNF227;ZNF263;ZNF276;ZNF316;ZNF335;ZNF384;ZNF414;ZNF416;ZNF526;ZNF581;ZNF598,88,exp-coregnet_mus-tool-coregnet
0d081e5cd015,RPL8,ARG2;BCL6;CBFB;CEBPD;CLK1;CRTC2;CSNK2B;DAZAP1;DIDO1;ENO1;EZR;FOSL2;FOXO1;GADD45A;GTPBP1;HMGB3;HNRNPA1;HNRNPLL;HNRNPUL1;KDM5D;KLF6;KMT2B;LAS1L;MAFK;MRPS25;MYC;NAP1L1;NFIL3;NME1;PDCD11;PUM3;RPL35;RPS10;RPS4X;SMAP2;SND1;SSRP1;STAT5A;TGIF1;TP53;U2AF1;VDR;XBP1;ZBTB16;ZNF227;ZNF598;ZXDC,47,exp-coregnet_mus-tool-coregnet
366ee592ba73,RPLP0,AGMAT;BCL6;CBFB;CRTC2;DAZAP1;DBP;DHX36;E2F8;ENO1;EZR;FOXO1;GADD45A;GTF2IRD1;HES1;HNRNPA1;KDM5D;MEF2C;MYC;NAP1L1;RBM8A;RELA;RELB;RPL35;RPS10;RPS4X;RUNX1;SMAP2;SMARCC1;SNAI3;SSRP1;STAT5A;TGIF1;TP53;VDR;XBP1;ZNF581;ZNF598,37,exp-coregnet_mus-tool-coregnet
c0d65d4a97e8,RPLP1,AGMAT;ARG2;ARID5B;BCL6;CEBPB;CEBPD;CPTP;CRTC2;CSNK2B;DHX36;DRAP1;ENO1;EZR;FOXO1;FOXO3;GPD1;GTF2IRD1;GTPBP1;HES6;HMGB2;HMGB3;HTATIP2;KMT2B;MAFB;MEF2C;MYC;MYF6;NAP1L1;NME1;NNT;PDCD11;POLE4;PRNP;PUM3;RBM8A;RELB;RPL35;RPS10;RPS4X;SMAP2;SNAI3;SOX13;SSRP1;STAT5A;TGIF1;TP53;VDR;XBP1;ZFY;ZNF232;ZNF274;ZNF581;ZNF598;ZNF622,54,exp-coregnet_mus-tool-coregnet
751b97f11915,RPLP2,ABCF2;AGMAT;ARID5B;BCL6;CBFB;CEBPA;CEBPD;CPSF4;CRTC2;CSNK2B;DRAP1;ENO1;EZR;FOSL2;FOXO1;GADD45A;GTPBP1;HES1;HMGB3;HNRNPA1;KLF6;MAFF;MXI1;MYC;MYF6;NAP1L1;NFIL3;P4HB;PRNP;RBM8A;RPL35;RPS10;RPS4X;SMAP2;SND1;SSRP1;STAT5A;TGIF1;VDR;XBP1;ZC3H7A;ZNF581;ZNF598,43,exp-coregnet_mus-tool-coregnet
a07023f2411b,RPS12,AGMAT;ARID5B;BCL6;CBFB;CEBPB;CEBPD;CRTC2;CSNK2B;DAZAP1;ENO1;ETS2;FOSL2;FOXO1;GADD45A;GPD1;GTF2IRD1;GTPBP1;HNRNPA1;HNRNPC;HTATIP2;KLF6;KMT2B;LAS1L;MAFF;MYC;NAP1L1;NELFA;NNT;PITX3;PKM;PUM3;RBM8A;RELB;RPL35;RPS10;RPS4X;SMAP2;SMARCC1;SSRP1;STAT5A;TGIF1;TP53;VDR;WDR83;XBP1;ZBTB16;ZNF263;ZNF581;ZNF598,49,exp-coregnet_mus-tool-coregnet
f3cee0b03c7c,RPS13,AGMAT;APEX1;ARG2;ARID5A;BANP;BCL6;CBFB;CBX7;CEBPD;CLK1;CPTP;CREB3L4;CSNK2B;DAZAP1;DRAP1;EDN1;ENO1;ETS2;FOXO1;GADD45A;GOT1;GPD1;GTF2IRD1;GTPBP1;HCLS1;HES1;HES6;HNRNPA1;HNRNPC;HNRNPUL1;IKZF5;IRX3;JUND;KDM4C;KDM5D;KLF6;LAS1L;MAFK;MAX;MTHFD1;MXI1;MYC;MYF6;NAP1L1;NFKB2;NFX1;NUP133;PRKAA2;PRNP;PUM3;RBM22;RBM42;RBM8A;RFC2;RORA;RPL35;RPS10;RPS4X;SMAP2;SSRP1;STAT5A;TGIF1;VDR;WDR83;XBP1;XRCC1;ZNF227;ZNF263;ZNF276;ZNF333;ZNF343;ZNF416;ZNF432;ZNF496;ZNF526;ZNF581;ZNF595;ZNF598;ZNF7,79,exp-coregnet_mus-tool-coregnet
06f430e66cfa,RPS15,ARG2;ARID5A;ATF3;BAX;CBFB;CEBPA;CEBPB;CEBPD;CLK1;CPTP;CREB3;CRTC2;CSNK2B;DAZAP1;DUS3L;EDN1;EGR1;ENO1;EZR;FOS;FOXO1;GPANK1;GTPBP1;HMGB2;HNRNPA1;HNRNPUL1;JUNB;KDM5D;KLF2;KLF4;KLF6;KMT2B;MAFF;MAFK;MYC;MZF1;NAP1L1;NELFA;NFIL3;NFKB2;NNT;NR4A3;PPARA;PUM3;RBM42;RPL35;RPS10;RPS4X;SIRT6;SMAP2;SNAPC4;SOX17;SSRP1;STAT5A;TGIF1;TP53;U2AF1;VDR;WDR83;XBP1;ZBTB16;ZNF263;ZNF276;ZNF581;ZNF598,65,exp-coregnet_mus-tool-coregnet
8576125a4274,RPS16,AGMAT;ARG2;ARID5B;BANP;BCL6;CEBPB;CEBPD;CLK1;CRTC2;CSNK2B;DAZAP1;DBP;E2F8;EZR;FOXO1;FOXO3;GADD45A;GTF2IRD1;GTPBP1;HLTF;HNRNPA1;HNRNPUL1;KDM5D;KLF2;KLF6;LAS1L;MAFF;MEF2C;MYC;NAP1L1;NELFA;NFIL3;RBM42;RPL35;RPS10;RPS4X;RXRG;SMAP2;SOX13;SSRP1;STAT5A;TGIF1;TRMT1;U2AF1;VDR;WDR83;XBP1;ZFY;ZNF581;ZNF598,50,exp-coregnet_mus-tool-coregnet
4e74f4be289b,RPS18,AGMAT;ARG2;ASAP3;BCL6;CEBPA;CEBPD;CERS5;CSNK2B;DAZAP1;DBP;E2F8;ENO1;ETS2;EZR;FOSL2;FOXO1;GPD1;GTPBP1;HMGB2;HNRNPC;IRX3;KDM5D;KLF15;KLF6;LAS1L;MAFF;MAFK;MYC;MZF1;NELFB;NFIL3;NFKB2;NNT;NR1D1;PHF8;RPL35;RPS10;RPS4X;RXRG;SMAP2;SNAPC4;SND1;SOX13;SSRP1;STAT5A;STAT6;TGIF1;TRIM28;UTP18;VDR;WDR83;XBP1;XRCC1;ZBTB16;ZNF274;ZNF276;ZNF581,57,exp-coregnet_mus-tool-coregnet
67aceb1bb196,RPS2,AGMAT;BCL6;CEBPB;CEBPD;CRTC2;DAZAP1;DBP;E2F8;ENO1;ETS2;EZR;FOSL2;FOXO1;GADD45A;GPD1;GTPBP1;HNRNPA1;HNRNPUL1;KLF6;KMT2B;MAFF;MEF2C;MYC;NAP1L1;NELFA;NME1;NNT;PUM3;RELA;RELB;RPL35;RPS10;RPS4X;SND1;SSRP1;STAT5A;TFE3;TGIF1;TIMELESS;TP53;TRIM28;TRMT1;VDR;XBP1;ZBTB16;ZNF581;ZNF598,47,exp-coregnet_mus-tool-coregnet
0155784c29a7,RPS24,ABCF2;AGMAT;BANP;BCL6;CBFB;CEBPD;CNOT3;CSNK2B;CXXC1;DAB2;DAZAP1;ENO1;EZR;FOSL2;FOXO1;FOXO3;GPD1;GTF2IRD1;GTPBP1;HNRNPA1;HNRNPC;KDM4C;KLF6;KMT2B;LAS1L;MYC;MYF6;NAP1L1;NELFA;NFKB2;NOC2L;POLD2;PUM3;RBM42;RBM8A;RELA;RFC2;RPL35;RPS10;RPS4X;RXRG;SMAP2;SMARCC1;SND1;SOX13;SSRP1;STAT5A;TFE3;TGIF1;TIMELESS;TP53;TRIM28;TRMT1;VDR;WDR83;XBP1;XRCC1;ZC3H7A;ZFP62;ZGPAT;ZNF12;ZNF211;ZNF232;ZNF263;ZNF274;ZNF276;ZNF564;ZNF581;ZNF595;ZNF598,70,exp-coregnet_mus-tool-coregnet
72da3e8078ff,RPS27,AGMAT;ARID5B;BCL6;CBFB;CEBPD;CPTP;CSNK2B;DBP;E2F8;ENO1;ETS2;FOSL2;FOXO1;GADD45A;GTPBP1;HES1;HLTF;HNRNPA1;IRX3;KLF6;KMT2B;MYC;NAP1L1;NNT;NR4A3;PKM;PUM3;RBM8A;RPL35;RPS10;RPS4X;RXRG;SMAP2;SNAI3;SOX13;SSRP1;STAT5A;TGIF1;VDR;XBP1;ZNF581;ZNF598,42,exp-coregnet_mus-tool-coregnet
7710c388208b,RPS27A,BAX;BCL6;CEBPD;CRTC2;CSNK2B;DAZAP1;ENO1;EZR;FOXO1;FOXO3;GADD45A;GTF2IRD1;GTPBP1;HNRNPA1;HNRNPUL1;KDM5D;KLF6;KMT2B;LAS1L;MEF2C;MYC;NAP1L1;NELFA;NNT;NR4A3;PITX3;PUM3;RBM8A;RELA;RELB;RPL35;RPS10;RPS4X;SMAP2;SNAPC4;SSRP1;STAT5A;TGIF1;TP53;VDR;XBP1;ZNF581;ZNF598,43,exp-coregnet_mus-tool-coregnet
af314735b606,RPS28,AGMAT;APEX2;ARFGAP1;ARG2;BAX;BCL6;CBFB;CNOT3;CSNK2B;CXXC1;DAZAP1;DRAP1;E2F8;ENO1;GTPBP1;HTATIP2;IRX3;KDM5D;LAS1L;MYC;MYF6;MZF1;NAP1L1;NELFA;NELFB;NFIL3;NME1;NNT;NOC2L;NR4A3;PDCD11;PPP1R10;PUM3;RBM42;RPL35;RPS10;RPS4X;SIRT6;SMAP2;SNAPC4;SND1;SSRP1;STAT5A;TGIF1;TP53;TRIM28;TRMT1;VDR;WDR83;XBP1;ZFY;ZNF274;ZNF335;ZNF581;ZNF598,55,exp-coregnet_mus-tool-coregnet
b678665d7ca2,RPS3A,ARFGAP1;ARG2;ARID5A;ARID5B;ATF3;BANP;BCL3;CBFB;CEBPA;CEBPB;CEBPD;CLK1;CRTC2;CSNK2B;DDIT3;DMAP1;EDN1;ENO1;ETS2;EZR;FOSL2;FOXO1;FOXO3;GADD45A;GTPBP1;HES6;HMBOX1;HMGB2;HNRNPA1;HNRNPC;HNRNPUL1;HSPA5;KDM4C;KLF15;KLF2;KLF6;LAS1L;MAFF;MAFK;MNT;MYC;NAP1L1;NELFA;NFIL3;NFKB2;NOC2L;NUP107;P4HB;PHF8;PUM3;RBM22;RBPJ;RLF;RPL35;RPS10;RPS4X;SND1;SSRP1;STAT5A;TAF1;TGIF1;U2AF1;UTP18;VDR;WDR83;XBP1;ZBTB16;ZNF12;ZNF143;ZNF227;ZNF263;ZNF274;ZNF276;ZNF384;ZNF432;ZNF550;ZNF581;ZNF598;ZNF721;ZNF875,80,exp-coregnet_mus-tool-coregnet
0fb21dedff98,RPS4X,AGMAT;BCL6;CBFB;CEBPD;CPTP;CSNK2B;DBP;DMAP1;DPF2;E2F8;ENO1;GADD45A;GPD1;GTPBP1;HES1;HMBOX1;HNRNPA1;HNRNPLL;HNRNPUL1;IRX3;KDM4C;KDM5D;KLF6;KMT2A;LAS1L;MEF2C;MTHFD1;MYC;NAP1L1;NELFA;NNT;NR4A3;NUP107;NUP133;P4HB;PHF8;PKM;RBM22;RBM42;RELA;RFC2;RPL35;RPS10;RPS4X;RXRG;SFPQ;SNAI2;SNAI3;SOX13;SSRP1;STAT5A;TCF12;TFAP4;TGIF1;THOC2;TP53;UTP18;ZFY;ZNF12;ZNF227;ZNF276;ZNF333;ZNF354B;ZNF496;ZNF550;ZNF581;ZNF598;ZNF7;ZNF84,69,exp-coregnet_mus-tool-coregnet
955dcb50b4e2,RPS5,AGMAT;APEX1;BCL6;CEBPA;CEBPD;CPTP;CRTC2;CSNK2B;DBP;E2F8;EZR;FOXO1;FOXO3;GADD45A;GPD1;GTPBP1;HES1;HMGB3;HNRNPA1;HNRNPUL1;KDM4C;KDM5D;KLF6;KMT2B;MEF2C;MYC;NELFA;NNT;NR4A3;RBM42;RPL35;RPS10;RPS4X;RXRG;SMAP2;SNAI3;SSRP1;STAT5A;TGIF1;TRIM28;U2AF1;VDR;XBP1;ZFY;ZNF263;ZNF581;ZNF598,47,exp-coregnet_mus-tool-coregnet
af6ae4351c69,RPS6,AGMAT;ARID5B;BAX;BCL6;CBFB;CEBPD;CPTP;CRTC2;CSNK2B;DBP;E2F8;ENO1;ETS2;EZR;FOSL2;FOXO1;GADD45A;GPD1;GTPBP1;HES1;HMGB2;HNRNPA1;HNRNPUL1;KDM5D;KLF6;KMT2B;LAS1L;MEF2C;MYC;MZF1;NAP1L1;NELFA;NELFB;NFX1;NNT;PHF8;PKM;PUM3;RBM42;RFC2;RPL35;RPS10;RPS4X;RXRG;SMAP2;SND1;SSRP1;STAT5A;TGIF1;TP53;U2AF1;VDR;WDR83;XBP1;ZNF263;ZNF276;ZNF333;ZNF513;ZNF595;ZNF598,60,exp-coregnet_mus-tool-coregnet
77b55c336a53,RPS7,AGMAT;BANP;BAX;BCL3;CEBPB;CEBPD;CSNK2B;DAZAP1;DBP;DRAP1;ENO1;EZR;GADD45A;GPANK1;GPD1;HMGB3;HNRNPA1;HTATIP2;KDM5D;LAS1L;MAFF;MED30;MYC;NAP1L1;NELFA;NFIL3;NFKB2;NME1;NNT;NR4A3;PPP1R10;PUM3;RARA;RBM3;RBM42;RFC2;RPL35;RPS10;RPS4X;RXRG;SMAP2;SNAI3;SND1;SSRP1;STAT5A;STAT6;TCF3;TGIF1;TP53;VDR;WDR83;XBP1;XRCC1;ZGPAT;ZNF195;ZNF227;ZNF263;ZNF276;ZNF598,59,exp-coregnet_mus-tool-coregnet
fb65d6c0fa6c,RPS8,AGMAT;BAX;CNOT3;CPTP;CRTC2;CSNK2B;DAB2;DAZAP1;E2F8;ENO1;ETS2;EZR;FOXO1;FOXP4;GADD45A;GTPBP1;HNRNPA1;HNRNPC;KMT2B;LAS1L;MYC;MZF1;NAP1L1;NELFA;NFKB2;NME1;NNT;NOC2L;PUM3;RPL35;RPS10;RPS4X;RXRG;SMAP2;SNAI3;SND1;SSRP1;STAT5A;STAT6;TFAP4;TGIF1;TP53;TRIM28;TRMT1;VDR;WDR83;ZNF274;ZNF598,48,exp-coregnet_mus-tool-coregnet
9cb078aec405,RRAD,AGMAT;ARG2;BHLHE41;CBFB;GADD45A;HMGB3;HTATIP2;MEF2C;MYC;NR4A2;NR4A3;PUM3;RELB;RUNX1;RXRG;SMAP2;SSRP1;STAT5A;TGIF1;VDR;XBP1;ZNF598,22,exp-coregnet_mus-tool-coregnet
03031b012551,RYR1,ARID5B;CBX7;CCDC25;DHX36;E2F8;EGR1;EP300;ETS2;FOS;FOXN3;FOXO1;FOXO4;GOT1;GTF2I;HBP1;HIRIP3;ID1;KDM2A;KDM7A;LARP1;LBX1;MAFG;MAZ;MIOS;MITF;MLXIP;NANOS1;NAP1L1;NCOA3;NFATC3;NFE2L1;NFIC;NR4A2;NR4A3;PRDM10;RAB2A;RFX3;RFX5;RFX7;RORA;SATB1;SMARCC2;STAT5B;STK40;TRIB1;ZBED1;ZBTB44;ZBTB47;ZBTB7A;ZNF142;ZNF213;ZNF507;ZNF524;ZNF592;ZNF598;ZNF770,56,exp-coregnet_mus-tool-coregnet
3d15161ffe26,SELENOW,ARID5B;ATOH8;BACH1;BCL6;CANX;CBFB;CEBPA;CEBPB;CEBPD;DHX36;ENO1;ETS2;EZR;FOSL2;FOXO1;FOXO3;GADD45A;GTF2IRD1;GTPBP1;HMGB3;KDM7A;KLF15;KLF6;KLF9;KMT2B;MAFF;MIOS;MYC;NAP1L1;NFIL3;NPAS2;PDCD11;PUM3;RBM8A;RUNX1;SMAP2;SSRP1;STAT5A;TGIF1;TP53;TSNAX;VDR;XBP1;ZBTB38;ZBTB43;ZC3H7A;ZNF598;ZNF622,48,exp-coregnet_mus-tool-coregnet
4fa374cf381d,SLC25A4,ARID5B;BACH1;BCL3;BCL6;CBFB;CEBPD;CRTC2;DHX36;ETS2;EZR;FOSL2;FOXO1;FOXO3;GADD45A;GOT1;GTF2IRD1;GTPBP1;HMGA1;HMGB3;HTATIP2;KDM7A;KLF6;MIOS;MYC;MYF6;MZF1;NAP1L1;NFKB2;NPAS2;PRNP;PUM3;RBM8A;RELB;RORA;RUNX1;SMAP2;SMARCC1;SSRP1;STAT5A;STK40;TGIF1;TIMELESS;TP53;TPI1;VDR;XBP1;ZNF143;ZNF581;ZNF598,49,exp-coregnet_mus-tool-coregnet
37273342aa30,SLN,AGMAT;ARID5B;CBFB;DHX36;DUSP26;E2F8;FOSL2;FOXO1;GADD45A;HMGB3;HTATIP2;IVD;KDM7A;KLF5;MEF2C;MIOS;NAP1L1;RBFOX2;RXRG;SMAP2;SMPX;SNAI3;SSRP1;ZBTB7B,24,exp-coregnet_mus-tool-coregnet
708e04d806ac,SLPI,AGMAT;CBFB;DBP;DHX36;E2F8;FHL2;GADD45A;GPD1;HES1;HMGB3;HTATIP2;KDM5D;MEF2C;MIOS;NAP1L1;NR4A1;NR4A3;RXRG;SMAP2;SNAI3;SSRP1;TPI1;VDR;ZNF598,24,exp-coregnet_mus-tool-coregnet
482f0ae4a861,SOD2,AGMAT;BHLHE41;CBFB;DBP;DHX36;E2F8;EGR1;FHL2;FOS;HES1;HMGB3;HTATIP2;KDM5D;KDM7A;MEF2C;MIOS;NAP1L1;NR4A1;NR4A2;NR4A3;PKM;RXRG;SMAP2;SMPX;SSRP1;STK40;TPI1;TRIB1;ZNF598,29,exp-coregnet_mus-tool-coregnet
4528abd7df80,STAC3,AHDC1;AKR1A1;ARID5A;ATOH8;BACH2;CEBPD;CYB5R1;DUSP26;E2F8;FOSL2;FOXO1;HES6;HMGB3;HSF2;KDM5D;LBX1;MAFF;MEF2C;MESP1;MYF6;MYOG;NFIL3;NR4A3;PPARGC1A;RFX5;SMAP2;SMPX;SOX6;TEAD4;XBP1;ZBTB47;ZNF462,32,exp-coregnet_mus-tool-coregnet
11b27f79a02c,STRIT1,AGMAT;ARG2;ARID5A;ARID5B;CEBPD;CYB5R1;E2F8;EDN1;EGR1;ETS2;FOS;FOSL2;FOXO1;GADD45A;HTATIP2;IRX3;JUNB;KDM5D;KLF6;MAF;MAFB;MAFF;MIOS;MLXIPL;MYF6;MYOG;NANOS1;NFIL3;NR4A1;NR4A2;NR4A3;PKM;SMAD9;SOX17;STK40;TRIB1;XBP1;ZFY;ZNF385A,39,exp-coregnet_mus-tool-coregnet
c664af4b846c,SYNPO,AKR1A1;ANXA1;ATF3;BCL3;CEBPA;CEBPD;DAB2;EGR1;ENO1;ETS2;FOS;FOSL1;FOXO4;GADD45A;HMGA1;HMGB2;HMGB3;JUNB;KDM5D;KLF2;KLF6;MYC;MYOD1;NFE2L1;NFKB2;NME1;NR4A3;PPARA;RUNX1;SATB1;SIX2;SMAP2;SOX7;STK40;TAGLN2;TIGD1;TP53;TRIB1;VDR;ZBTB47;ZFY;ZNF274;ZNF513;ZNF529;ZNF853;ZSCAN18,46,exp-coregnet_mus-tool-coregnet
33bb22acd947,TCAP,AGMAT;APEX2;ARID5B;ASAP3;BACH1;BCL6;CANX;CBFB;CEBPD;CRTC2;DHX36;ELK1;ETV5;EZR;FOSL2;FOXO1;FOXO3;GADD45A;GTF2IRD1;HMGA1;HMGB3;HTATIP2;KDM7A;KLF6;KLF9;MAFF;MIOS;MYC;MYF6;NAP1L1;NFIL3;NME1;NPAS2;PDCD11;PSMD12;PUM3;RBM8A;RELB;RORA;RUNX1;SMAP2;SMARCC1;SMPX;SNAI2;SSRP1;STAT5A;STK40;TGIF1;TIMELESS;TP53;VDR;XBP1;ZBTB43;ZBTB7B;ZNF143;ZNF438;ZNF598;ZNF622,58,exp-coregnet_mus-tool-coregnet
85aaa3e1a41c,TMOD4,AGMAT;ARID5B;ATOH8;E2F8;FOSL2;FOXO1;GADD45A;GPD1;HMGB3;HTATIP2;KLF15;KLF5;MEF2C;MIOS;MLXIPL;NR4A3;RBFOX2;RBM8A;SMAP2;SMPX;SSRP1;TFCP2L1;XBP1;ZBTB38;ZBTB7B;ZNF598,26,exp-coregnet_mus-tool-coregnet
270d987c00f3,TNNC1,ABCF2;AGMAT;ARID5B;ASAP3;ATOH8;BACH1;BCL6;CANX;CBFB;CEBPD;CRTC2;DHX36;E2F4;ELK1;ENO1;EZR;FOSL2;FOXO1;FOXO3;GADD45A;GTF2IRD1;GTPBP1;HMGA1;HMGB3;HTATIP2;KDM7A;KLF3;KLF6;MAFF;MIOS;MYC;MYF6;NAP1L1;NFIL3;NME1;NPAS2;PRNP;PUM3;RBM8A;RELB;RORA;RUNX1;SIX2;SMAP2;SMARCC1;SMPX;SSRP1;STAT5A;STK40;TGIF1;TIMELESS;TP53;VDR;XBP1;ZBTB43;ZBTB7B;ZNF143;ZNF213;ZNF438;ZNF598;ZNF622,61,exp-coregnet_mus-tool-coregnet
c1b7385ce9ba,TNNC2,AGMAT;ARID5B;BCL6;CANX;CBFB;DBP;E2F8;FOSL2;FOXO1;GADD45A;GPD1;HES1;HMGB3;HTATIP2;KDM5D;KDM7A;MAF;MEF2C;MIOS;MYC;NR4A1;NR4A3;PKM;RBFOX2;RUNX1;RXRG;SIX2;SMAP2;SSRP1;STK40;TGIF1;TPI1;TRIB1;VDR;XBP1;ZNF598,36,exp-coregnet_mus-tool-coregnet
e09fdb38147a,TNNI1,ARID5B;ASAP3;BACH1;BCL6;CANX;CBFB;CEBPB;CEBPD;DHX36;ELK1;EZR;FOSL2;FOXO1;FOXO3;GADD45A;GTF2IRD1;GTPBP1;HMGA1;HMGB3;HTATIP2;KDM7A;MIOS;MYC;MYF6;NAP1L1;NPAS2;PUM3;RBM8A;RORA;RUNX1;SIX2;SMAP2;SMARCC1;SMPX;SSRP1;STAT5A;STK40;TGIF1;VDR;XBP1;ZBTB38;ZBTB7B;ZNF598;ZNF622;ZNF628,45,exp-coregnet_mus-tool-coregnet
a8ed302dad77,TNNI2,AGMAT;ARID5B;BCL6;CBFB;CEBPD;DHX36;FOSL2;FOXO1;GADD45A;GPD1;HES1;HES6;HMGB3;HTATIP2;KDM5D;KDM7A;MAF;MEF2C;MIOS;NAP1L1;NR4A1;NR4A3;PKM;RUNX1;RXRG;SMAP2;SSRP1;TFCP2L1;TPI1;TRIB1;VDR;ZBTB38;ZNF598,33,exp-coregnet_mus-tool-coregnet
1700b3aefd1c,TNNT1,APEX2;ARID5B;ASAP3;BACH1;BCL6;CANX;CBFB;CRTC2;DHX36;ENO1;ETV5;EZR;FOSL2;FOXO1;GADD45A;GTF2IRD1;HMGB3;HTATIP2;KDM7A;MAFG;MIOS;MYC;NAP1L1;NCOA3;NFIL3;NNT;PIR;PPP1R10;PUM3;RBM8A;RELB;RORA;RUNX1;SMAP2;SMARCC1;SSRP1;STAT5A;STK40;TGIF1;TP53;TRMT1;VDR;XBP1;ZBTB43;ZBTB7B;ZNF438;ZNF598;ZNF622,48,exp-coregnet_mus-tool-coregnet
1f9a9ea81e85,TNNT3,AGMAT;ARID5B;ASAP3;CBFB;E2F8;FOSL2;GPD1;HES1;HMGB3;HTATIP2;KDM5D;KDM7A;MAFF;MEF2C;MIOS;NAP1L1;NPAS2;NR4A1;NR4A3;PKM;RBM8A;RXRG;SMAP2;SSRP1;TGIF1;TPI1;VDR;XBP1;ZNF598;ZNF622,30,exp-coregnet_mus-tool-coregnet
e5e177b7280b,TPI1,ARID5B;ASAP3;ATOH8;BACH1;BCL6;CANX;CBFB;CEBPB;CEBPD;CRTC2;DHX36;E2F4;ELK1;ETV5;EZR;FOSL2;FOXO1;FOXO3;GADD45A;GTF2IRD1;GTPBP1;HES6;HMGA1;HMGB3;HTATIP2;KDM7A;KLF15;KLF9;KMT2B;MAFG;MAFK;MIOS;MXI1;MYC;MYF6;NAP1L1;NCOA3;NFIL3;NPAS2;PIR;PRNP;PSMD12;PUM3;RARA;RBM8A;RELB;RORA;RUNX1;SIX2;SMAP2;SMARCC1;SSRP1;STAT5A;STK40;TFCP2L1;TFE3;TGIF1;TIMELESS;TP53;TPI1;TRIM28;VDR;XBP1;ZBTB38;ZBTB43;ZBTB7B;ZFHX3;ZNF143;ZNF213;ZNF408;ZNF438;ZNF581;ZNF598;ZNF622;ZNF628,75,exp-coregnet_mus-tool-coregnet
6c77550df62c,TPM1,AGMAT;ARG2;BACH1;CBFB;CRTC2;DHX36;ENO1;FOSL2;FOXO1;GADD45A;GPD1;HMGB3;HTATIP2;KDM5D;KDM7A;KLF15;MEF2C;MIOS;MYC;NAP1L1;NR4A3;PKM;PUM3;SMAP2;SSRP1;STAT5A;STK40;TPI1;VDR;XBP1;ZNF438;ZNF598,32,exp-coregnet_mus-tool-coregnet
ceb08ad1f403,TPM2,APEX2;ARID5B;ASAP3;ATOH8;BACH1;BAX;BCL3;BCL6;CANX;CBFB;CEBPB;CEBPD;CEBPZ;CRTC2;DAZAP1;DHX36;ELK1;ENO1;ETS2;ETV5;EZR;FOSL2;FOXO1;FOXO3;GADD45A;GATAD2A;GTF2IRD1;GTPBP1;HES6;HMGB3;HTATIP2;KDM7A;KLF15;KLF5;KLF6;KLF9;KMT2B;MAFF;MAFG;MIOS;MLXIPL;MYC;MYF6;NAP1L1;NCOA3;NFE2L2;NFIL3;NME1;NPAS2;PDCD11;PUM3;RARA;RBM8A;RELB;RORA;RUNX1;SMAP2;SOCS4;SSRP1;STAT5A;STK40;TFCP2L1;TFE3;TGIF1;TIMELESS;TP53;TRMT1;VDR;XBP1;ZBTB38;ZBTB42;ZBTB43;ZBTB7B;ZC3H7A;ZFHX3;ZNF213;ZNF438;ZNF598;ZNF622;ZNF655,80,exp-coregnet_mus-tool-coregnet
adee58f72e6f,TPM3,ARID5B;ASAP3;ATF3;BACH1;BCL6;CBFB;CEBPD;CRTC2;DHX36;ENO1;ETV5;EZR;FOSL2;FOXO1;FOXO3;GADD45A;GTF2IRD1;GTPBP1;HMGB3;HTATIP2;KDM7A;KLF6;MIOS;MYC;NAP1L1;NFIL3;NNT;PRNP;PUM3;RBM8A;RELB;RORA;RUNX1;SMAP2;SMARCC1;SSRP1;STAT3;STAT5A;STK40;TGIF1;TP53;TRMT1;VDR;XBP1;ZBTB43;ZBTB7B;ZNF143;ZNF438;ZNF598,49,exp-coregnet_mus-tool-coregnet
57a027d78b1f,TRIM54,AGMAT;ARID5B;ATOH8;AVEN;BRF2;CEBPB;CEBPD;CYB5R1;DRAP1;EDN1;EGR1;ETS2;FOSL2;FOXO1;HIRIP3;HMGA1;HMGB2;HTATIP2;IRX3;JUNB;LBX1;MAFF;MAFG;MYPOP;NFE2L1;NFIL3;NR1D2;NR1H2;NR4A3;STK40;TFCP2L1;TRIB1;ZBTB18;ZBTB22;ZBTB47;ZNF213;ZNF524,37,exp-coregnet_mus-tool-coregnet
26730165c6f6,TRIM63,AGMAT;ARID5B;BACH1;BHLHE40;BHLHE41;CBFB;CPTP;DBP;DHX36;E2F8;FOSL2;FOXO1;HES1;HLTF;HMGB3;HTATIP2;KDM5D;KDM7A;MEF2C;MIOS;MYOD1;NR4A2;NR4A3;PKM;RBM8A;SNAI3;TPI1;TRIB1,28,exp-coregnet_mus-tool-coregnet
2ff1ea835015,TTN,ATOH8;CEBPA;CEBPD;E2F8;EDN1;ENO1;ETS2;GADD45A;HES6;HIVEP2;HMGB3;HSF2;ID1;KDM5D;MLXIPL;MYOD1;MYOG;NFE2L1;NME1;OTUD4;PPARA;PRKAA2;SATB1;SMAP2;SP4;TEAD1;TFCP2L1;ZBTB18;ZBTB44;ZBTB47;ZNF704,31,exp-coregnet_mus-tool-coregnet
b87386c7a320,TXNIP,AGMAT;ARID5B;BACH1;BCL6;BHLHE41;CBFB;CEBPD;DBP;DHX36;E2F8;FOSL2;FOXO1;FOXO3;GADD45A;GPD1;HMGB3;KDM5D;KDM7A;KLF15;MEF2C;MYC;NFIL3;NR4A3;RBM8A;RORA;SMAP2;SMPX;SNAI3;SSRP1;TGIF1;XBP1;ZBTB16,32,exp-coregnet_mus-tool-coregnet
55b7654275ce,UBC,AGMAT;ARID5B;BACH1;BHLHE41;CBFB;DBP;DHX36;E2F8;FOSL2;FOXO1;GADD45A;HMGB3;KDM5D;KDM7A;MEF2C;MIOS;RBM8A;RORA;RXRG;SMAP2;SMPX;SNAI3;SSRP1;TRIB1;VDR;XBP1;ZNF598;ZNF622,28,exp-coregnet_mus-tool-coregnet
f5c7d660e068,XIRP2,AGMAT;ARID5B;ATOH8;BCL6;BHLHE41;CEBPB;CEBPD;DBP;DUSP26;E2F8;ETS2;FOSL2;FOXO1;GADD45A;HES6;HMGB3;HTATIP2;KDM5D;KDM7A;MEF2C;NFIL3;NR4A3;PRKAA2;SMAP2;SMPX;TFCP2L1;VDR;XBP1;ZBTB7B,29,exp-coregnet_mus-tool-coregnet
3131a6fc6c58,YBX3,ABCF2;AGMAT;BACH1;BCL6;CBFB;CRTC2;DAZAP1;GADD45A;HMGA1;HNRNPA1;HTATIP2;KDM7A;KLF6;KMT2B;MAFG;MIOS;MXI1;MYC;MYF6;NAP1L1;NOC2L;NR4A3;PRNP;RELB;RORA;RXRA;RXRG;SMARCC1;SSRP1;STAT5A;STK40;TGIF1;VDR;XBP1;ZNF143;ZNF213;ZNF581;ZNF598,38,exp-coregnet_mus-tool-coregnet
